STATEFIPS,STATE,zipcode,agi_stub,N1,mars1,MARS2,MARS4,PREP,N2,NUMDEP,TOTAL_VITA,VITA,TCE,VITA_EIC,RAL,RAC,ELDERLY,A00100,N02650,A02650,N00200,A00200,N00300,A00300,N00600,A00600,N00650,A00650,N00700,A00700,N00900,A00900,N01000,A01000,N01400,A01400,N01700,A01700,SCHF,N02300,A02300,N02500,A02500,N26270,A26270,N02900,A02900,N03220,A03220,N03300,A03300,N03270,A03270,N03150,A03150,N03210,A03210,N03230,A03230,N03240,A03240,N04470,A04470,A00101,N18425,A18425,N18450,A18450,N18500,A18500,N18300,A18300,N19300,A19300,N19700,A19700,N04800,A04800,N05800,A05800,N09600,A09600,N05780,A05780,N07100,A07100,N07300,A07300,N07180,A07180,N07230,A07230,N07240,A07240,N07220,A07220,N07260,A07260,N09400,A09400,N85770,A85770,N85775,A85775,N09750,A09750,N10600,A10600,N59660,A59660,N59720,A59720,N11070,A11070,N10960,A10960,N11560,A11560,N06500,A06500,N10300,A10300,N85530,A85530,N85300,A85300,N11901,A11901,N11902,A11902,year
6,CA,94601,1,9670.0,5780.0,1570.0,2240.0,5500.0,17290.0,6740.0,840.0,710.0,140.0,300.0,30.0,1390.0,1100.0,129772.0,9670.0,132102.0,7570.0,103442.0,600.0,160.0,180.0,356.0,150.0,207.0,110.0,68.0,2480.0,19764.0,180.0,76.0,130.0,863.0,500.0,4548.0,0.0,510.0,1889.0,130.0,218.0,60.0,121.0,2600.0,2330.0,40.0,8.0,20.0,115.0,80.0,147.0,40.0,139.0,270.0,219.0,90.0,165.0,0.0,0.0,390.0,6094.0,5992.0,150.0,199.0,180.0,115.0,260.0,1036.0,380.0,1563.0,250.0,2213.0,200.0,352.0,3890.0,23163.0,3900.0,2472.0,0.0,0.0,110.0,35.0,1170.0,409.0,0.0,0.0,30.0,9.0,410.0,185.0,260.0,44.0,500.0,166.0,20.0,6.0,2250.0,3045.0,380.0,1854.0,390.0,1776.0,370.0,108.0,8840.0,22654.0,4290.0,11147.0,3600.0,9539.0,2990.0,3719.0,640.0,430.0,260.0,137.0,3070.0,2062.0,5030.0,5238.0,0.0,0.0,0.0,0.0,1510.0,1376.0,7810.0,18854.0,2015
6,CA,94601,2,7160.0,3120.0,1810.0,2150.0,4430.0,17290.0,8330.0,400.0,350.0,60.0,80.0,0.0,980.0,720.0,256091.0,7160.0,258557.0,6690.0,232359.0,760.0,194.0,210.0,298.0,200.0,208.0,340.0,212.0,930.0,10976.0,210.0,388.0,100.0,734.0,460.0,7790.0,0.0,400.0,1681.0,350.0,2144.0,70.0,914.0,1300.0,2466.0,90.0,22.0,0.0,0.0,80.0,271.0,110.0,460.0,420.0,444.0,40.0,64.0,0.0,0.0,800.0,12997.0,30570.0,520.0,752.0,250.0,293.0,520.0,2023.0,800.0,3325.0,490.0,4185.0,530.0,1193.0,6740.0,119851.0,6730.0,14891.0,0.0,0.0,320.0,227.0,3210.0,2825.0,50.0,3.0,190.0,102.0,510.0,421.0,640.0,132.0,2390.0,2157.0,0.0,0.0,740.0,1868.0,460.0,2123.0,480.0,2363.0,450.0,175.0,7020.0,28211.0,1780.0,3820.0,1420.0,3087.0,1900.0,2824.0,380.0,259.0,170.0,116.0,5100.0,12066.0,5480.0,14069.0,0.0,0.0,0.0,0.0,1110.0,1902.0,6010.0,16000.0,2015
6,CA,94601,3,2890.0,1130.0,1120.0,600.0,1800.0,7570.0,3560.0,100.0,70.0,30.0,0.0,0.0,300.0,440.0,175016.0,2890.0,176620.0,2680.0,155043.0,690.0,270.0,210.0,510.0,190.0,352.0,520.0,549.0,400.0,4855.0,180.0,417.0,90.0,978.0,370.0,8364.0,0.0,190.0,774.0,250.0,3261.0,50.0,857.0,660.0,1604.0,70.0,17.0,0.0,0.0,50.0,276.0,70.0,354.0,260.0,298.0,40.0,58.0,0.0,0.0,910.0,17145.0,56130.0,750.0,2224.0,140.0,259.0,660.0,2639.0,900.0,5486.0,620.0,5448.0,690.0,1833.0,2870.0,108893.0,2870.0,15613.0,0.0,0.0,120.0,165.0,1330.0,2099.0,50.0,3.0,120.0,64.0,200.0,206.0,110.0,20.0,1090.0,1763.0,40.0,29.0,290.0,868.0,120.0,593.0,140.0,715.0,100.0,61.0,2840.0,18919.0,0.0,0.0,0.0,0.0,220.0,291.0,160.0,115.0,0.0,0.0,2650.0,13514.0,2690.0,14465.0,0.0,0.0,0.0,0.0,680.0,1676.0,2190.0,6062.0,2015
6,CA,94601,4,1190.0,430.0,560.0,180.0,740.0,2960.0,1220.0,20.0,20.0,0.0,0.0,0.0,80.0,200.0,101403.0,1190.0,102393.0,1100.0,86047.0,460.0,99.0,160.0,468.0,150.0,331.0,390.0,507.0,220.0,3911.0,140.0,697.0,70.0,915.0,210.0,5938.0,0.0,110.0,443.0,130.0,2268.0,20.0,561.0,280.0,990.0,30.0,8.0,30.0,392.0,30.0,161.0,30.0,125.0,80.0,88.0,0.0,0.0,0.0,0.0,650.0,13044.0,56504.0,600.0,2678.0,40.0,100.0,490.0,2054.0,650.0,5056.0,460.0,4349.0,500.0,1233.0,1180.0,71058.0,1180.0,11307.0,0.0,0.0,50.0,139.0,490.0,810.0,40.0,3.0,50.0,35.0,80.0,86.0,0.0,0.0,380.0,632.0,0.0,0.0,160.0,656.0,0.0,0.0,50.0,230.0,40.0,37.0,1170.0,12825.0,0.0,0.0,0.0,0.0,0.0,0.0,60.0,45.0,0.0,0.0,1170.0,10496.0,1180.0,11269.0,0.0,0.0,0.0,0.0,330.0,1284.0,840.0,2749.0,2015
6,CA,94601,5,1060.0,310.0,650.0,100.0,610.0,2620.0,910.0,0.0,0.0,0.0,0.0,0.0,90.0,200.0,137568.0,1060.0,138758.0,980.0,114834.0,560.0,136.0,230.0,483.0,210.0,356.0,490.0,855.0,220.0,4854.0,210.0,2040.0,70.0,1683.0,190.0,7560.0,0.0,90.0,488.0,150.0,3067.0,50.0,1950.0,320.0,1190.0,50.0,14.0,0.0,0.0,40.0,287.0,40.0,205.0,110.0,141.0,30.0,36.0,0.0,0.0,830.0,20539.0,110081.0,790.0,6522.0,30.0,67.0,620.0,2966.0,830.0,9881.0,580.0,6034.0,640.0,1686.0,1060.0,103952.0,1060.0,19027.0,80.0,161.0,0.0,0.0,370.0,553.0,80.0,9.0,110.0,70.0,50.0,63.0,0.0,0.0,220.0,319.0,30.0,34.0,160.0,717.0,0.0,0.0,0.0,0.0,20.0,35.0,1050.0,19934.0,0.0,0.0,0.0,0.0,0.0,0.0,50.0,37.0,0.0,0.0,1060.0,18474.0,1060.0,19356.0,0.0,0.0,0.0,0.0,380.0,2222.0,670.0,2708.0,2015
6,CA,94601,6,140.0,40.0,90.0,0.0,90.0,320.0,90.0,0.0,0.0,0.0,0.0,0.0,0.0,40.0,61501.0,140.0,62031.0,120.0,26769.0,90.0,82.0,70.0,644.0,60.0,537.0,60.0,369.0,30.0,2418.0,70.0,8366.0,30.0,1746.0,30.0,2670.0,0.0,0.0,0.0,0.0,0.0,20.0,5913.0,40.0,530.0,0.0,0.0,0.0,0.0,0.0,0.0,0.0,0.0,0.0,0.0,0.0,0.0,0.0,0.0,130.0,9304.0,57112.0,130.0,5085.0,0.0,0.0,100.0,675.0,130.0,5857.0,90.0,1106.0,100.0,527.0,140.0,51151.0,140.0,14259.0,80.0,468.0,0.0,0.0,40.0,84.0,0.0,0.0,0.0,0.0,0.0,0.0,0.0,0.0,0.0,0.0,0.0,0.0,30.0,267.0,0.0,0.0,0.0,0.0,0.0,0.0,140.0,13935.0,0.0,0.0,0.0,0.0,0.0,0.0,0.0,0.0,0.0,0.0,140.0,13606.0,140.0,14588.0,80.0,68.0,60.0,101.0,80.0,1765.0,50.0,658.0,2015
6,CA,94602,1,3910.0,2900.0,480.0,480.0,1890.0,5200.0,1300.0,300.0,190.0,110.0,60.0,0.0,460.0,860.0,48692.0,3910.0,50230.0,2730.0,34492.0,640.0,408.0,470.0,1187.0,430.0,766.0,60.0,62.0,1000.0,7244.0,410.0,560.0,200.0,1315.0,420.0,3877.0,0.0,190.0,804.0,140.0,274.0,70.0,299.0,1100.0,1538.0,30.0,7.0,0.0,0.0,120.0,338.0,40.0,166.0,170.0,163.0,70.0,169.0,0.0,0.0,320.0,6361.0,4473.0,90.0,190.0,190.0,107.0,240.0,1134.0,310.0,1753.0,170.0,1671.0,190.0,270.0,1790.0,11131.0,1730.0,1168.0,0.0,0.0,70.0,22.0,500.0,188.0,40.0,4.0,0.0,0.0,210.0,115.0,150.0,32.0,90.0,29.0,0.0,0.0,870.0,1189.0,280.0,1455.0,280.0,1343.0,140.0,34.0,3330.0,6700.0,1350.0,2595.0,1020.0,2138.0,550.0,674.0,260.0,181.0,210.0,146.0,1460.0,979.0,2150.0,2215.0,0.0,0.0,0.0,0.0,700.0,661.0,2830.0,5094.0,2015
6,CA,94602,2,3090.0,1980.0,540.0,510.0,1460.0,5120.0,1500.0,190.0,120.0,60.0,20.0,0.0,380.0,660.0,113843.0,3090.0,116880.0,2570.0,89277.0,700.0,517.0,440.0,1533.0,410.0,1047.0,230.0,196.0,620.0,9348.0,360.0,827.0,220.0,2513.0,440.0,7867.0,0.0,190.0,788.0,380.0,2621.0,70.0,603.0,970.0,3037.0,70.0,17.0,40.0,303.0,160.0,535.0,120.0,588.0,370.0,409.0,30.0,43.0,0.0,0.0,580.0,10664.0,22243.0,340.0,527.0,220.0,223.0,400.0,1926.0,580.0,2837.0,340.0,3059.0,450.0,938.0,2970.0,63893.0,2950.0,8111.0,0.0,0.0,210.0,164.0,1080.0,893.0,110.0,6.0,120.0,58.0,280.0,240.0,300.0,65.0,520.0,497.0,0.0,0.0,510.0,1514.0,310.0,1481.0,330.0,1648.0,180.0,64.0,2970.0,12459.0,460.0,917.0,340.0,658.0,320.0,450.0,160.0,111.0,130.0,113.0,2630.0,7218.0,2770.0,8849.0,0.0,0.0,0.0,0.0,720.0,1486.0,2290.0,4880.0,2015
6,CA,94602,3,2060.0,1190.0,530.0,270.0,1070.0,3560.0,970.0,70.0,30.0,40.0,0.0,0.0,160.0,610.0,126632.0,2060.0,129968.0,1670.0,93915.0,780.0,681.0,530.0,2461.0,490.0,1773.0,440.0,491.0,440.0,8980.0,450.0,1549.0,250.0,3280.0,410.0,10813.0,0.0,130.0,528.0,380.0,5502.0,90.0,653.0,760.0,3336.0,100.0,24.0,50.0,641.0,150.0,804.0,100.0,531.0,290.0,348.0,50.0,87.0,0.0,0.0,770.0,15316.0,48071.0,600.0,1868.0,150.0,210.0,590.0,3032.0,760.0,5317.0,500.0,4829.0,610.0,1494.0,2040.0,86252.0,2030.0,12784.0,0.0,0.0,90.0,195.0,680.0,795.0,170.0,15.0,90.0,49.0,120.0,135.0,60.0,13.0,380.0,531.0,40.0,22.0,350.0,1398.0,70.0,331.0,110.0,499.0,70.0,39.0,1990.0,15007.0,0.0,0.0,0.0,0.0,70.0,90.0,80.0,64.0,0.0,0.0,1970.0,11989.0,1990.0,13475.0,0.0,0.0,0.0,0.0,660.0,1972.0,1340.0,3309.0,2015
6,CA,94602,4,1390.0,710.0,520.0,130.0,750.0,2570.0,660.0,0.0,0.0,0.0,0.0,0.0,90.0,460.0,121025.0,1390.0,123883.0,1150.0,87425.0,730.0,750.0,500.0,2828.0,480.0,2117.0,530.0,746.0,330.0,7890.0,420.0,1741.0,190.0,3258.0,330.0,11146.0,0.0,60.0,292.0,280.0,4969.0,80.0,1061.0,440.0,2858.0,60.0,15.0,40.0,822.0,100.0,654.0,70.0,369.0,100.0,129.0,0.0,0.0,0.0,0.0,870.0,19533.0,76211.0,780.0,4214.0,80.0,132.0,670.0,3666.0,870.0,8232.0,570.0,5847.0,710.0,1742.0,1390.0,86542.0,1380.0,14034.0,0.0,0.0,20.0,49.0,460.0,608.0,150.0,18.0,90.0,50.0,80.0,87.0,0.0,0.0,250.0,367.0,20.0,51.0,270.0,1265.0,0.0,0.0,20.0,87.0,20.0,22.0,1370.0,16446.0,0.0,0.0,0.0,0.0,0.0,0.0,60.0,43.0,0.0,0.0,1360.0,13425.0,1380.0,14796.0,0.0,0.0,0.0,0.0,420.0,1433.0,900.0,2811.0,2015
6,CA,94602,5,2770.0,870.0,1680.0,180.0,1530.0,6120.0,1670.0,0.0,0.0,0.0,0.0,0.0,140.0,840.0,389169.0,2770.0,397053.0,2390.0,289278.0,1750.0,1684.0,1340.0,7243.0,1240.0,5338.0,1400.0,2731.0,790.0,24965.0,1190.0,9610.0,430.0,9031.0,640.0,30167.0,0.0,210.0,1003.0,500.0,10592.0,260.0,6287.0,1030.0,7884.0,150.0,39.0,160.0,2527.0,230.0,1661.0,130.0,708.0,240.0,261.0,60.0,90.0,0.0,0.0,2360.0,69611.0,336267.0,2270.0,20559.0,80.0,212.0,1930.0,13280.0,2360.0,34755.0,1740.0,22432.0,1980.0,5575.0,2760.0,290212.0,2770.0,53215.0,180.0,415.0,30.0,108.0,1140.0,1210.0,530.0,146.0,330.0,178.0,130.0,164.0,0.0,0.0,300.0,319.0,90.0,174.0,640.0,3719.0,0.0,0.0,30.0,109.0,30.0,45.0,2750.0,59229.0,0.0,0.0,0.0,0.0,0.0,0.0,120.0,98.0,0.0,0.0,2760.0,52006.0,2760.0,55961.0,80.0,19.0,0.0,0.0,1020.0,5165.0,1600.0,7268.0,2015
6,CA,94602,6,1510.0,200.0,1260.0,50.0,1000.0,4060.0,1290.0,0.0,0.0,0.0,0.0,0.0,30.0,340.0,531452.0,1510.0,541360.0,1390.0,375717.0,1170.0,2061.0,1000.0,11495.0,970.0,9092.0,670.0,2396.0,470.0,28506.0,1000.0,50175.0,230.0,7924.0,250.0,14694.0,0.0,90.0,563.0,170.0,4489.0,330.0,36188.0,560.0,9908.0,50.0,13.0,150.0,5311.0,150.0,1489.0,40.0,299.0,0.0,0.0,0.0,0.0,40.0,333.0,1490.0,84981.0,524070.0,1470.0,42112.0,0.0,0.0,1370.0,13249.0,1490.0,55906.0,1260.0,21421.0,1350.0,7746.0,1510.0,434356.0,1510.0,112253.0,1120.0,7456.0,0.0,0.0,750.0,1481.0,480.0,814.0,260.0,143.0,0.0,0.0,0.0,0.0,0.0,0.0,70.0,183.0,430.0,3559.0,0.0,0.0,0.0,0.0,0.0,0.0,1510.0,111688.0,0.0,0.0,0.0,0.0,0.0,0.0,0.0,0.0,0.0,0.0,1510.0,110771.0,1510.0,117480.0,880.0,1108.0,860.0,1742.0,800.0,13215.0,540.0,3875.0,2015
6,CA,94603,1,6200.0,3630.0,730.0,1790.0,3810.0,11510.0,5050.0,410.0,340.0,80.0,130.0,50.0,1280.0,660.0,85643.0,6200.0,86761.0,5110.0,70083.0,380.0,132.0,80.0,72.0,70.0,32.0,90.0,49.0,1270.0,9664.0,70.0,-46.0,70.0,319.0,430.0,4542.0,0.0,350.0,1418.0,130.0,189.0,30.0,349.0,1290.0,1118.0,0.0,0.0,0.0,0.0,30.0,42.0,20.0,64.0,110.0,88.0,50.0,92.0,0.0,0.0,330.0,4602.0,5001.0,130.0,98.0,160.0,84.0,230.0,720.0,320.0,990.0,220.0,1768.0,180.0,328.0,2520.0,14573.0,2530.0,1547.0,0.0,0.0,40.0,11.0,900.0,319.0,0.0,0.0,20.0,6.0,260.0,135.0,200.0,28.0,440.0,147.0,0.0,0.0,1120.0,1578.0,150.0,721.0,150.0,695.0,220.0,59.0,5810.0,16269.0,2740.0,7992.0,2500.0,6981.0,2250.0,2832.0,510.0,398.0,110.0,50.0,1840.0,1227.0,2920.0,2869.0,0.0,0.0,0.0,0.0,650.0,522.0,5380.0,14006.0,2015
6,CA,94603,2,4870.0,1940.0,1230.0,1640.0,3280.0,12510.0,6420.0,250.0,210.0,40.0,50.0,20.0,770.0,540.0,175180.0,4870.0,176218.0,4510.0,157110.0,630.0,112.0,90.0,100.0,80.0,59.0,350.0,205.0,530.0,5509.0,70.0,39.0,80.0,605.0,480.0,9246.0,0.0,300.0,1217.0,290.0,1844.0,0.0,0.0,670.0,1038.0,40.0,10.0,0.0,0.0,0.0,0.0,40.0,179.0,210.0,195.0,30.0,47.0,0.0,0.0,790.0,12885.0,30464.0,530.0,781.0,240.0,234.0,540.0,1845.0,790.0,3148.0,540.0,4169.0,560.0,1543.0,4550.0,77236.0,4550.0,9452.0,0.0,0.0,140.0,91.0,2340.0,2186.0,30.0,1.0,140.0,86.0,350.0,292.0,410.0,74.0,1840.0,1726.0,20.0,7.0,380.0,951.0,200.0,902.0,210.0,1007.0,280.0,114.0,4810.0,19238.0,1290.0,2756.0,1060.0,2262.0,1500.0,2272.0,310.0,224.0,80.0,43.0,3270.0,7266.0,3560.0,8331.0,0.0,0.0,0.0,0.0,690.0,1022.0,4160.0,11944.0,2015
6,CA,94603,3,2230.0,670.0,1000.0,530.0,1520.0,6680.0,3450.0,80.0,50.0,30.0,0.0,0.0,240.0,330.0,135559.0,2230.0,136170.0,2090.0,121688.0,580.0,61.0,90.0,127.0,80.0,54.0,500.0,505.0,260.0,2573.0,80.0,227.0,50.0,650.0,280.0,6997.0,0.0,170.0,650.0,180.0,2455.0,30.0,337.0,360.0,611.0,30.0,7.0,0.0,0.0,30.0,128.0,30.0,107.0,120.0,128.0,40.0,66.0,0.0,0.0,870.0,16157.0,53506.0,720.0,1783.0,130.0,206.0,670.0,2457.0,860.0,4842.0,650.0,5594.0,660.0,1972.0,2220.0,78851.0,2220.0,10986.0,0.0,0.0,80.0,142.0,1180.0,1916.0,0.0,0.0,90.0,51.0,190.0,199.0,90.0,13.0,990.0,1619.0,40.0,12.0,180.0,449.0,80.0,364.0,100.0,488.0,90.0,66.0,2200.0,13684.0,0.0,0.0,0.0,0.0,240.0,341.0,160.0,124.0,0.0,0.0,2000.0,9070.0,2030.0,9628.0,0.0,0.0,0.0,0.0,470.0,1181.0,1760.0,5230.0,2015
6,CA,94603,4,940.0,220.0,540.0,160.0,640.0,2940.0,1460.0,40.0,40.0,0.0,0.0,0.0,70.0,150.0,80407.0,940.0,80716.0,890.0,70996.0,360.0,31.0,60.0,19.0,50.0,18.0,370.0,503.0,120.0,616.0,50.0,40.0,20.0,262.0,170.0,5434.0,0.0,110.0,391.0,110.0,1734.0,0.0,0.0,150.0,309.0,30.0,8.0,0.0,0.0,0.0,0.0,20.0,93.0,50.0,34.0,0.0,0.0,0.0,0.0,560.0,12004.0,48015.0,520.0,2133.0,50.0,117.0,450.0,1728.0,560.0,4182.0,430.0,3822.0,430.0,1380.0,940.0,52388.0,940.0,7966.0,0.0,0.0,30.0,81.0,480.0,918.0,20.0,2.0,50.0,33.0,80.0,82.0,0.0,0.0,430.0,787.0,0.0,0.0,80.0,173.0,0.0,0.0,30.0,142.0,40.0,51.0,930.0,9134.0,0.0,0.0,0.0,0.0,0.0,0.0,70.0,48.0,0.0,0.0,920.0,7047.0,930.0,7300.0,0.0,0.0,0.0,0.0,220.0,748.0,710.0,2576.0,2015
6,CA,94603,5,590.0,150.0,380.0,70.0,390.0,1740.0,770.0,0.0,0.0,0.0,0.0,0.0,50.0,130.0,76485.0,590.0,77044.0,560.0,64201.0,300.0,60.0,90.0,155.0,80.0,81.0,290.0,583.0,100.0,2063.0,100.0,1960.0,50.0,1350.0,140.0,6373.0,0.0,40.0,151.0,90.0,1802.0,30.0,2092.0,140.0,559.0,0.0,0.0,0.0,0.0,0.0,0.0,0.0,0.0,50.0,57.0,0.0,0.0,0.0,0.0,480.0,12579.0,62400.0,460.0,3267.0,0.0,0.0,380.0,1641.0,480.0,5193.0,370.0,3850.0,390.0,1630.0,590.0,55616.0,590.0,9829.0,50.0,61.0,0.0,0.0,240.0,360.0,0.0,0.0,40.0,24.0,40.0,46.0,0.0,0.0,160.0,248.0,20.0,19.0,60.0,293.0,0.0,0.0,0.0,0.0,0.0,0.0,590.0,10165.0,0.0,0.0,0.0,0.0,0.0,0.0,40.0,28.0,0.0,0.0,590.0,9473.0,590.0,9722.0,0.0,0.0,0.0,0.0,200.0,1189.0,380.0,1609.0,2015
6,CA,94603,6,50.0,0.0,30.0,0.0,40.0,130.0,50.0,0.0,0.0,0.0,0.0,0.0,0.0,0.0,13619.0,50.0,13619.0,40.0,7519.0,30.0,8.0,0.0,0.0,0.0,0.0,20.0,65.0,0.0,0.0,0.0,0.0,0.0,0.0,0.0,0.0,0.0,0.0,0.0,0.0,0.0,0.0,0.0,0.0,0.0,0.0,0.0,0.0,0.0,0.0,0.0,0.0,0.0,0.0,0.0,0.0,0.0,0.0,0.0,40.0,2531.0,12405.0,40.0,1008.0,0.0,0.0,40.0,303.0,40.0,1293.0,40.0,574.0,40.0,418.0,50.0,10601.0,50.0,2734.0,30.0,161.0,0.0,0.0,0.0,0.0,0.0,0.0,0.0,0.0,0.0,0.0,0.0,0.0,0.0,0.0,0.0,0.0,0.0,0.0,0.0,0.0,0.0,0.0,0.0,0.0,50.0,2792.0,0.0,0.0,0.0,0.0,0.0,0.0,0.0,0.0,0.0,0.0,50.0,2724.0,50.0,2918.0,0.0,0.0,0.0,0.0,20.0,484.0,20.0,227.0,2015
6,CA,94605,1,6710.0,4380.0,510.0,1720.0,3480.0,10620.0,3980.0,510.0,380.0,120.0,160.0,70.0,1590.0,1100.0,87342.0,6710.0,89107.0,5140.0,66478.0,660.0,227.0,330.0,474.0,300.0,328.0,140.0,108.0,1560.0,11215.0,270.0,170.0,210.0,1291.0,710.0,7655.0,0.0,410.0,1681.0,240.0,435.0,50.0,226.0,1600.0,1765.0,40.0,9.0,0.0,0.0,70.0,189.0,40.0,150.0,180.0,168.0,90.0,181.0,0.0,0.0,590.0,9386.0,8501.0,170.0,222.0,340.0,212.0,450.0,1864.0,580.0,2397.0,410.0,3555.0,380.0,749.0,2800.0,16416.0,2780.0,1753.0,0.0,0.0,60.0,28.0,920.0,319.0,0.0,0.0,40.0,13.0,320.0,151.0,220.0,38.0,350.0,112.0,0.0,0.0,1320.0,1854.0,240.0,1163.0,240.0,1109.0,230.0,64.0,6110.0,16006.0,3020.0,7782.0,2660.0,6716.0,1920.0,2275.0,590.0,481.0,160.0,128.0,2120.0,1433.0,3330.0,3412.0,0.0,0.0,0.0,0.0,800.0,819.0,5550.0,13484.0,2015
6,CA,94605,2,4830.0,2610.0,750.0,1380.0,2580.0,9390.0,3830.0,280.0,230.0,50.0,50.0,0.0,950.0,950.0,175377.0,4830.0,177344.0,4130.0,143503.0,850.0,393.0,330.0,858.0,300.0,625.0,450.0,325.0,710.0,5961.0,280.0,537.0,200.0,2041.0,820.0,17815.0,0.0,330.0,1497.0,590.0,4096.0,60.0,556.0,980.0,1967.0,60.0,15.0,30.0,307.0,90.0,328.0,70.0,293.0,410.0,441.0,30.0,59.0,0.0,0.0,1100.0,20444.0,42528.0,640.0,989.0,400.0,430.0,820.0,3530.0,1100.0,5319.0,750.0,6516.0,820.0,2432.0,4580.0,88592.0,4570.0,11072.0,0.0,0.0,180.0,135.0,1920.0,1787.0,80.0,3.0,220.0,141.0,470.0,422.0,460.0,74.0,1200.0,1110.0,30.0,11.0,470.0,1182.0,250.0,1044.0,250.0,1178.0,260.0,99.0,4670.0,18850.0,1060.0,2128.0,850.0,1724.0,890.0,1225.0,360.0,267.0,70.0,67.0,3740.0,9285.0,3960.0,10613.0,0.0,0.0,0.0,0.0,930.0,1576.0,3830.0,9727.0,2015
6,CA,94605,3,2900.0,1470.0,740.0,620.0,1670.0,5720.0,2080.0,100.0,60.0,40.0,0.0,0.0,330.0,860.0,178156.0,2900.0,180280.0,2430.0,137654.0,1060.0,528.0,400.0,1242.0,360.0,851.0,870.0,1017.0,510.0,5849.0,320.0,894.0,220.0,2984.0,670.0,21660.0,0.0,180.0,879.0,530.0,7379.0,60.0,638.0,790.0,2124.0,110.0,25.0,0.0,0.0,80.0,475.0,70.0,280.0,360.0,394.0,50.0,78.0,0.0,0.0,1460.0,29704.0,91435.0,1190.0,3493.0,240.0,363.0,1230.0,5565.0,1460.0,9920.0,1160.0,10686.0,1210.0,3934.0,2880.0,113049.0,2880.0,16527.0,0.0,0.0,90.0,198.0,1010.0,1455.0,90.0,5.0,150.0,78.0,180.0,194.0,60.0,10.0,740.0,1079.0,40.0,63.0,340.0,1061.0,90.0,453.0,120.0,624.0,90.0,56.0,2830.0,20126.0,0.0,0.0,0.0,0.0,140.0,193.0,140.0,113.0,20.0,24.0,2750.0,15072.0,2790.0,16212.0,0.0,0.0,0.0,0.0,780.0,2109.0,2090.0,5916.0,2015
6,CA,94605,4,1880.0,870.0,680.0,290.0,1100.0,3680.0,1120.0,30.0,30.0,0.0,0.0,0.0,140.0,600.0,162979.0,1880.0,164476.0,1580.0,120431.0,930.0,439.0,390.0,1543.0,360.0,1015.0,820.0,1242.0,360.0,5032.0,330.0,1702.0,200.0,3019.0,550.0,22586.0,0.0,140.0,697.0,410.0,7361.0,60.0,710.0,450.0,1497.0,70.0,19.0,20.0,260.0,60.0,328.0,30.0,134.0,140.0,158.0,0.0,0.0,0.0,0.0,1370.0,32029.0,119606.0,1220.0,5735.0,120.0,272.0,1120.0,5569.0,1370.0,12090.0,1020.0,10777.0,1150.0,4170.0,1870.0,111360.0,1870.0,17996.0,0.0,0.0,20.0,69.0,610.0,803.0,100.0,8.0,100.0,53.0,110.0,111.0,0.0,0.0,400.0,524.0,50.0,59.0,240.0,818.0,0.0,0.0,30.0,125.0,40.0,34.0,1850.0,20802.0,0.0,0.0,0.0,0.0,0.0,0.0,70.0,55.0,0.0,0.0,1860.0,17193.0,1860.0,18115.0,0.0,0.0,0.0,0.0,560.0,1881.0,1280.0,4404.0,2015
6,CA,94605,5,2870.0,890.0,1680.0,240.0,1710.0,6310.0,1760.0,0.0,0.0,0.0,0.0,0.0,190.0,900.0,393972.0,2870.0,398238.0,2520.0,301194.0,1840.0,823.0,860.0,3247.0,790.0,2354.0,1600.0,3161.0,670.0,12709.0,750.0,6013.0,370.0,7683.0,830.0,44370.0,0.0,200.0,1037.0,580.0,11656.0,150.0,2881.0,860.0,4266.0,140.0,39.0,60.0,986.0,110.0,781.0,80.0,451.0,230.0,278.0,50.0,73.0,0.0,0.0,2560.0,79483.0,355283.0,2450.0,20473.0,90.0,338.0,2270.0,13621.0,2560.0,35393.0,2090.0,27649.0,2150.0,8667.0,2870.0,285703.0,2870.0,52573.0,200.0,496.0,30.0,105.0,910.0,1153.0,230.0,69.0,280.0,152.0,120.0,127.0,0.0,0.0,330.0,402.0,130.0,286.0,470.0,2040.0,0.0,0.0,30.0,116.0,40.0,60.0,2850.0,57231.0,0.0,0.0,0.0,0.0,0.0,0.0,100.0,76.0,0.0,0.0,2860.0,51420.0,2870.0,53832.0,60.0,16.0,0.0,0.0,1030.0,5200.0,1760.0,8134.0,2015
6,CA,94605,6,890.0,150.0,690.0,40.0,590.0,2200.0,620.0,0.0,0.0,0.0,0.0,0.0,30.0,230.0,289083.0,890.0,292818.0,810.0,198745.0,690.0,656.0,450.0,3353.0,430.0,2681.0,430.0,1373.0,220.0,10271.0,430.0,25110.0,120.0,4664.0,230.0,15264.0,0.0,50.0,268.0,140.0,3233.0,140.0,21890.0,260.0,3735.0,30.0,8.0,50.0,1196.0,60.0,519.0,0.0,0.0,0.0,0.0,0.0,0.0,0.0,0.0,880.0,49985.0,283414.0,850.0,20596.0,0.0,0.0,790.0,6802.0,880.0,27993.0,750.0,13122.0,770.0,4884.0,880.0,232195.0,880.0,58821.0,590.0,3650.0,0.0,0.0,300.0,448.0,140.0,25.0,130.0,71.0,0.0,0.0,0.0,0.0,0.0,0.0,30.0,138.0,180.0,1460.0,0.0,0.0,0.0,0.0,0.0,0.0,880.0,55844.0,0.0,0.0,0.0,0.0,0.0,0.0,0.0,0.0,0.0,0.0,880.0,58374.0,880.0,61273.0,450.0,470.0,440.0,711.0,470.0,9145.0,350.0,2269.0,2015
6,CA,94606,1,7570.0,4980.0,1450.0,1060.0,3950.0,12060.0,3560.0,620.0,520.0,100.0,230.0,0.0,870.0,1030.0,100216.0,7570.0,102753.0,6020.0,80483.0,580.0,203.0,300.0,573.0,270.0,356.0,80.0,64.0,1980.0,15387.0,300.0,148.0,150.0,922.0,380.0,3174.0,0.0,410.0,1550.0,100.0,191.0,80.0,219.0,2220.0,2537.0,60.0,13.0,0.0,0.0,130.0,272.0,50.0,171.0,360.0,321.0,120.0,270.0,0.0,0.0,270.0,4014.0,4146.0,110.0,124.0,130.0,76.0,160.0,724.0,260.0,1017.0,150.0,1207.0,130.0,246.0,3270.0,20825.0,3250.0,2240.0,0.0,0.0,140.0,45.0,920.0,312.0,30.0,1.0,20.0,8.0,380.0,178.0,290.0,57.0,230.0,67.0,0.0,0.0,1790.0,2409.0,510.0,2062.0,510.0,1937.0,310.0,80.0,6890.0,15350.0,3530.0,7197.0,2800.0,6156.0,1520.0,1879.0,540.0,363.0,360.0,200.0,2720.0,1928.0,4090.0,4429.0,0.0,0.0,0.0,0.0,1270.0,1379.0,5930.0,12268.0,2015
6,CA,94606,2,5550.0,3430.0,1120.0,900.0,2670.0,10080.0,3420.0,310.0,240.0,70.0,50.0,0.0,700.0,550.0,203002.0,5550.0,206113.0,5170.0,183176.0,710.0,279.0,360.0,692.0,320.0,431.0,240.0,166.0,940.0,9954.0,330.0,538.0,110.0,833.0,360.0,6032.0,0.0,340.0,1545.0,260.0,1540.0,70.0,868.0,1620.0,3111.0,150.0,34.0,0.0,0.0,110.0,338.0,160.0,724.0,720.0,807.0,50.0,84.0,0.0,0.0,500.0,7643.0,19009.0,340.0,540.0,140.0,193.0,240.0,1036.0,490.0,1895.0,230.0,1692.0,350.0,780.0,5350.0,114832.0,5340.0,14828.0,0.0,0.0,480.0,314.0,1920.0,1605.0,80.0,4.0,140.0,76.0,560.0,492.0,470.0,111.0,1030.0,900.0,0.0,0.0,730.0,1700.0,600.0,2472.0,660.0,2806.0,390.0,140.0,5420.0,22723.0,990.0,2167.0,780.0,1713.0,820.0,1215.0,310.0,214.0,180.0,121.0,4610.0,13222.0,4820.0,15100.0,0.0,0.0,0.0,0.0,1160.0,2000.0,4330.0,9542.0,2015
6,CA,94606,3,2870.0,1850.0,650.0,320.0,1260.0,4970.0,1460.0,70.0,50.0,30.0,0.0,0.0,320.0,330.0,173742.0,2870.0,176271.0,2700.0,156973.0,660.0,385.0,370.0,1168.0,350.0,829.0,310.0,334.0,470.0,5741.0,340.0,1017.0,100.0,1092.0,250.0,4986.0,0.0,180.0,711.0,170.0,2316.0,50.0,569.0,1080.0,2529.0,110.0,26.0,50.0,417.0,70.0,263.0,110.0,542.0,640.0,746.0,110.0,140.0,0.0,0.0,580.0,10228.0,35920.0,490.0,1775.0,70.0,100.0,290.0,1279.0,580.0,3338.0,260.0,2312.0,430.0,1076.0,2860.0,125242.0,2850.0,19282.0,0.0,0.0,140.0,203.0,810.0,1098.0,100.0,7.0,90.0,53.0,180.0,187.0,80.0,15.0,530.0,796.0,0.0,0.0,350.0,1000.0,100.0,443.0,160.0,650.0,120.0,66.0,2830.0,21929.0,0.0,0.0,0.0,0.0,90.0,119.0,120.0,96.0,0.0,0.0,2770.0,18184.0,2790.0,19314.0,0.0,0.0,0.0,0.0,800.0,1911.0,2030.0,4467.0,2015
6,CA,94606,4,1310.0,770.0,420.0,100.0,590.0,2320.0,600.0,20.0,20.0,0.0,0.0,0.0,120.0,180.0,112448.0,1310.0,113750.0,1230.0,99220.0,440.0,163.0,260.0,568.0,240.0,393.0,300.0,346.0,270.0,3919.0,240.0,1029.0,60.0,823.0,170.0,4292.0,0.0,80.0,327.0,90.0,1513.0,60.0,967.0,410.0,1302.0,50.0,12.0,0.0,0.0,50.0,204.0,40.0,206.0,140.0,131.0,0.0,0.0,0.0,0.0,560.0,9143.0,49383.0,540.0,2965.0,40.0,87.0,240.0,1118.0,560.0,4255.0,220.0,2042.0,380.0,1039.0,1310.0,87196.0,1300.0,15007.0,0.0,0.0,30.0,69.0,350.0,480.0,80.0,5.0,60.0,34.0,70.0,63.0,0.0,0.0,220.0,350.0,0.0,0.0,200.0,685.0,0.0,0.0,30.0,106.0,40.0,29.0,1290.0,16070.0,0.0,0.0,0.0,0.0,0.0,0.0,40.0,26.0,0.0,0.0,1300.0,14527.0,1300.0,15319.0,0.0,0.0,0.0,0.0,440.0,1476.0,850.0,2126.0,2015
6,CA,94606,5,1370.0,600.0,660.0,90.0,620.0,2710.0,670.0,0.0,0.0,0.0,0.0,0.0,130.0,190.0,182966.0,1370.0,185161.0,1290.0,154629.0,630.0,361.0,420.0,1510.0,400.0,1178.0,540.0,785.0,310.0,6947.0,400.0,3262.0,110.0,2501.0,170.0,7022.0,0.0,90.0,387.0,110.0,2366.0,90.0,3059.0,460.0,2195.0,70.0,18.0,40.0,841.0,70.0,486.0,60.0,367.0,150.0,191.0,30.0,49.0,0.0,0.0,980.0,20674.0,132542.0,960.0,8996.0,0.0,0.0,470.0,2416.0,980.0,11681.0,420.0,4440.0,670.0,1840.0,1370.0,147034.0,1370.0,28380.0,80.0,194.0,20.0,72.0,390.0,444.0,140.0,33.0,110.0,58.0,40.0,55.0,0.0,0.0,170.0,212.0,40.0,17.0,230.0,1161.0,0.0,0.0,30.0,80.0,20.0,40.0,1360.0,29690.0,0.0,0.0,0.0,0.0,0.0,0.0,30.0,26.0,0.0,0.0,1370.0,27937.0,1370.0,29255.0,30.0,4.0,0.0,0.0,470.0,2890.0,870.0,3176.0,2015
6,CA,94606,6,270.0,90.0,170.0,0.0,170.0,550.0,110.0,0.0,0.0,0.0,0.0,0.0,0.0,60.0,89335.0,270.0,90316.0,240.0,55091.0,200.0,418.0,150.0,1810.0,140.0,1537.0,110.0,810.0,60.0,3396.0,160.0,9405.0,30.0,1355.0,40.0,2088.0,0.0,0.0,0.0,40.0,985.0,50.0,5049.0,70.0,981.0,0.0,0.0,0.0,0.0,0.0,0.0,0.0,0.0,0.0,0.0,0.0,0.0,0.0,0.0,260.0,11424.0,85504.0,250.0,6806.0,0.0,0.0,140.0,1081.0,260.0,7978.0,120.0,1804.0,200.0,1054.0,270.0,75974.0,270.0,19633.0,160.0,894.0,0.0,0.0,90.0,101.0,70.0,32.0,20.0,10.0,0.0,0.0,0.0,0.0,0.0,0.0,0.0,0.0,50.0,372.0,0.0,0.0,0.0,0.0,0.0,0.0,260.0,18282.0,0.0,0.0,0.0,0.0,0.0,0.0,0.0,0.0,0.0,0.0,270.0,19467.0,270.0,20400.0,130.0,123.0,140.0,393.0,150.0,2403.0,100.0,1136.0,2015
6,CA,94607,1,5040.0,3370.0,760.0,860.0,2070.0,7860.0,2340.0,510.0,460.0,60.0,230.0,30.0,920.0,710.0,65353.0,5040.0,67153.0,4030.0,52656.0,430.0,223.0,250.0,525.0,230.0,349.0,70.0,54.0,1370.0,9336.0,230.0,226.0,100.0,513.0,240.0,1905.0,0.0,340.0,1245.0,60.0,114.0,60.0,172.0,1540.0,1800.0,50.0,10.0,0.0,0.0,90.0,182.0,50.0,146.0,310.0,292.0,90.0,226.0,0.0,0.0,170.0,2599.0,2632.0,70.0,161.0,80.0,42.0,110.0,549.0,170.0,850.0,90.0,616.0,90.0,118.0,2170.0,13707.0,2150.0,1449.0,0.0,0.0,70.0,19.0,610.0,221.0,20.0,1.0,20.0,7.0,240.0,118.0,190.0,36.0,170.0,56.0,0.0,0.0,1200.0,1497.0,290.0,1144.0,290.0,1042.0,220.0,55.0,4600.0,10879.0,2520.0,5332.0,2050.0,4586.0,1100.0,1322.0,400.0,288.0,210.0,127.0,1770.0,1228.0,2690.0,2807.0,0.0,0.0,0.0,0.0,750.0,741.0,4010.0,8794.0,2015
6,CA,94607,2,3250.0,2150.0,470.0,570.0,1300.0,5390.0,1690.0,250.0,200.0,50.0,50.0,0.0,550.0,340.0,117268.0,3250.0,119377.0,2980.0,103977.0,450.0,290.0,250.0,570.0,230.0,386.0,150.0,127.0,620.0,6742.0,230.0,574.0,80.0,815.0,210.0,3396.0,0.0,210.0,1007.0,150.0,910.0,70.0,952.0,1050.0,2109.0,60.0,14.0,0.0,0.0,80.0,283.0,80.0,300.0,510.0,587.0,20.0,34.0,0.0,0.0,380.0,6131.0,14641.0,270.0,474.0,100.0,111.0,220.0,903.0,380.0,1566.0,200.0,1585.0,270.0,665.0,3150.0,67799.0,3140.0,8752.0,0.0,0.0,230.0,175.0,1060.0,883.0,60.0,2.0,100.0,61.0,320.0,269.0,270.0,60.0,530.0,482.0,0.0,0.0,470.0,1213.0,290.0,1118.0,330.0,1336.0,250.0,92.0,3160.0,13152.0,570.0,1245.0,460.0,999.0,410.0,622.0,200.0,145.0,90.0,52.0,2760.0,7869.0,2870.0,9196.0,0.0,0.0,0.0,0.0,770.0,1489.0,2430.0,5355.0,2015
6,CA,94607,3,1600.0,1120.0,260.0,190.0,610.0,2460.0,610.0,60.0,60.0,0.0,0.0,0.0,210.0,210.0,97430.0,1600.0,99411.0,1470.0,84865.0,450.0,251.0,260.0,803.0,250.0,549.0,270.0,338.0,310.0,4501.0,240.0,614.0,60.0,661.0,170.0,3548.0,0.0,90.0,482.0,110.0,1530.0,60.0,948.0,630.0,1981.0,50.0,12.0,40.0,489.0,60.0,276.0,80.0,417.0,340.0,415.0,50.0,100.0,0.0,0.0,460.0,8299.0,28638.0,390.0,1396.0,60.0,85.0,300.0,1419.0,460.0,2991.0,260.0,2139.0,330.0,993.0,1590.0,70506.0,1590.0,10930.0,0.0,0.0,80.0,153.0,410.0,494.0,90.0,9.0,50.0,28.0,90.0,90.0,30.0,6.0,230.0,344.0,0.0,0.0,210.0,769.0,30.0,110.0,70.0,228.0,60.0,42.0,1560.0,12589.0,0.0,0.0,0.0,0.0,30.0,40.0,70.0,48.0,0.0,0.0,1560.0,10435.0,1560.0,11272.0,0.0,0.0,0.0,0.0,470.0,1358.0,1100.0,2528.0,2015
6,CA,94607,4,960.0,680.0,190.0,70.0,370.0,1390.0,240.0,0.0,0.0,0.0,0.0,0.0,90.0,130.0,83552.0,960.0,85043.0,880.0,71848.0,350.0,218.0,210.0,584.0,190.0,427.0,290.0,378.0,190.0,4176.0,200.0,822.0,60.0,1078.0,110.0,3197.0,0.0,50.0,264.0,80.0,1364.0,40.0,531.0,290.0,1491.0,30.0,9.0,0.0,0.0,50.0,235.0,30.0,147.0,100.0,73.0,0.0,0.0,0.0,0.0,560.0,9746.0,49350.0,530.0,3127.0,30.0,71.0,300.0,1520.0,560.0,4807.0,280.0,2620.0,390.0,940.0,960.0,64855.0,960.0,11526.0,0.0,0.0,0.0,0.0,180.0,214.0,60.0,8.0,30.0,17.0,30.0,24.0,0.0,0.0,90.0,118.0,40.0,45.0,130.0,673.0,0.0,0.0,20.0,56.0,20.0,19.0,950.0,12678.0,0.0,0.0,0.0,0.0,0.0,0.0,0.0,0.0,0.0,0.0,960.0,11312.0,960.0,12036.0,0.0,0.0,0.0,0.0,320.0,1223.0,630.0,1804.0,2015
6,CA,94607,5,1620.0,990.0,520.0,100.0,730.0,2520.0,380.0,0.0,0.0,0.0,0.0,0.0,190.0,190.0,223980.0,1620.0,226254.0,1530.0,196222.0,800.0,627.0,590.0,1859.0,560.0,1391.0,810.0,1400.0,320.0,7893.0,580.0,4165.0,110.0,2413.0,180.0,5755.0,0.0,80.0,336.0,110.0,2273.0,130.0,2383.0,430.0,2274.0,30.0,7.0,30.0,410.0,60.0,362.0,60.0,295.0,110.0,112.0,30.0,43.0,0.0,0.0,1390.0,33347.0,192945.0,1360.0,14300.0,30.0,69.0,760.0,4326.0,1390.0,19753.0,710.0,8086.0,930.0,2388.0,1620.0,178257.0,1620.0,36118.0,120.0,395.0,20.0,73.0,360.0,435.0,220.0,126.0,50.0,26.0,30.0,32.0,0.0,0.0,70.0,73.0,0.0,0.0,230.0,1163.0,0.0,0.0,20.0,78.0,30.0,39.0,1600.0,39175.0,0.0,0.0,0.0,0.0,0.0,0.0,30.0,20.0,0.0,0.0,1620.0,35683.0,1620.0,37029.0,50.0,9.0,0.0,0.0,480.0,2961.0,1100.0,4678.0,2015
6,CA,94607,6,550.0,230.0,300.0,0.0,340.0,990.0,140.0,0.0,0.0,0.0,0.0,0.0,0.0,80.0,226033.0,550.0,228399.0,510.0,138041.0,390.0,956.0,320.0,2849.0,300.0,3631.0,250.0,822.0,120.0,10520.0,350.0,22293.0,40.0,1023.0,70.0,3547.0,0.0,20.0,126.0,40.0,916.0,100.0,8981.0,140.0,2366.0,0.0,0.0,30.0,1210.0,30.0,310.0,0.0,0.0,0.0,0.0,0.0,0.0,0.0,0.0,540.0,35238.0,222927.0,530.0,21441.0,0.0,0.0,370.0,3557.0,540.0,25141.0,340.0,4778.0,410.0,2793.0,550.0,187675.0,550.0,49101.0,390.0,3765.0,0.0,0.0,170.0,563.0,140.0,424.0,30.0,16.0,0.0,0.0,0.0,0.0,0.0,0.0,0.0,0.0,100.0,914.0,0.0,0.0,0.0,0.0,0.0,0.0,550.0,51210.0,0.0,0.0,0.0,0.0,0.0,0.0,0.0,0.0,0.0,0.0,550.0,49926.0,550.0,51992.0,340.0,415.0,320.0,831.0,290.0,5407.0,220.0,3568.0,2015
6,CA,94608,1,5010.0,3980.0,340.0,630.0,1990.0,6590.0,1530.0,350.0,250.0,100.0,110.0,0.0,840.0,710.0,66350.0,5010.0,68924.0,3770.0,50523.0,610.0,300.0,440.0,813.0,400.0,512.0,90.0,86.0,1550.0,10917.0,390.0,372.0,140.0,875.0,420.0,3769.0,0.0,250.0,1023.0,110.0,234.0,100.0,389.0,1780.0,2574.0,50.0,10.0,0.0,0.0,170.0,425.0,70.0,222.0,410.0,404.0,120.0,327.0,0.0,0.0,360.0,5634.0,5263.0,130.0,203.0,180.0,106.0,240.0,920.0,350.0,1346.0,200.0,1707.0,200.0,324.0,2570.0,17177.0,2530.0,1815.0,0.0,0.0,110.0,32.0,760.0,292.0,50.0,1.0,30.0,10.0,360.0,194.0,230.0,43.0,120.0,41.0,0.0,0.0,1330.0,1800.0,440.0,1583.0,440.0,1465.0,240.0,57.0,4480.0,9247.0,1920.0,3287.0,1420.0,2647.0,720.0,857.0,420.0,346.0,310.0,220.0,2120.0,1523.0,3050.0,3410.0,0.0,0.0,0.0,0.0,970.0,1066.0,3740.0,6867.0,2015
6,CA,94608,2,4060.0,3010.0,390.0,570.0,1490.0,5950.0,1530.0,200.0,120.0,80.0,30.0,0.0,620.0,470.0,148328.0,4060.0,152029.0,3600.0,125993.0,700.0,399.0,480.0,1096.0,450.0,681.0,270.0,236.0,850.0,10283.0,410.0,925.0,140.0,1456.0,390.0,7225.0,0.0,240.0,1046.0,290.0,1999.0,90.0,689.0,1480.0,3701.0,120.0,27.0,50.0,398.0,170.0,569.0,140.0,544.0,750.0,924.0,40.0,86.0,0.0,0.0,630.0,10469.0,24003.0,420.0,794.0,170.0,171.0,400.0,1692.0,630.0,2812.0,350.0,2758.0,430.0,1078.0,3970.0,89862.0,3960.0,11618.0,0.0,0.0,290.0,215.0,1220.0,1032.0,120.0,12.0,120.0,60.0,400.0,380.0,310.0,55.0,520.0,487.0,0.0,0.0,640.0,1695.0,360.0,1041.0,400.0,1227.0,280.0,92.0,3930.0,16528.0,430.0,839.0,330.0,636.0,350.0,492.0,190.0,135.0,130.0,115.0,3620.0,10586.0,3730.0,12446.0,0.0,0.0,0.0,0.0,1000.0,1907.0,2990.0,5831.0,2015
6,CA,94608,3,2630.0,1880.0,400.0,280.0,1020.0,3850.0,830.0,40.0,40.0,0.0,0.0,0.0,330.0,390.0,162082.0,2630.0,165328.0,2350.0,137636.0,740.0,337.0,460.0,1279.0,430.0,914.0,470.0,537.0,510.0,7800.0,420.0,1394.0,150.0,2040.0,300.0,7659.0,0.0,130.0,542.0,240.0,3560.0,100.0,1268.0,1060.0,3246.0,90.0,20.0,30.0,351.0,120.0,571.0,90.0,311.0,590.0,718.0,100.0,170.0,0.0,0.0,850.0,14912.0,54104.0,730.0,2640.0,110.0,149.0,580.0,2419.0,850.0,5430.0,530.0,4432.0,640.0,1560.0,2620.0,118227.0,2620.0,18451.0,0.0,0.0,100.0,230.0,610.0,761.0,150.0,23.0,80.0,44.0,160.0,188.0,40.0,7.0,310.0,437.0,30.0,33.0,360.0,1334.0,60.0,191.0,110.0,414.0,110.0,68.0,2560.0,21412.0,0.0,0.0,0.0,0.0,30.0,41.0,100.0,80.0,0.0,0.0,2580.0,17690.0,2600.0,19178.0,0.0,0.0,0.0,0.0,760.0,2139.0,1810.0,4182.0,2015
6,CA,94608,4,1630.0,1090.0,400.0,110.0,650.0,2460.0,430.0,0.0,0.0,0.0,0.0,0.0,160.0,220.0,140998.0,1630.0,143137.0,1500.0,121677.0,670.0,329.0,420.0,1080.0,400.0,748.0,570.0,819.0,320.0,6675.0,370.0,1602.0,110.0,1907.0,180.0,5996.0,0.0,70.0,348.0,130.0,2167.0,90.0,783.0,490.0,2139.0,50.0,13.0,30.0,350.0,90.0,427.0,50.0,249.0,150.0,161.0,0.0,0.0,0.0,0.0,970.0,17867.0,84746.0,920.0,5073.0,30.0,69.0,630.0,2776.0,970.0,8127.0,590.0,5610.0,680.0,1673.0,1630.0,107576.0,1630.0,18689.0,0.0,0.0,20.0,47.0,390.0,506.0,150.0,72.0,70.0,34.0,70.0,74.0,0.0,0.0,180.0,240.0,20.0,36.0,260.0,1057.0,0.0,0.0,30.0,75.0,40.0,35.0,1610.0,21237.0,0.0,0.0,0.0,0.0,0.0,0.0,40.0,25.0,0.0,0.0,1620.0,18183.0,1620.0,19348.0,0.0,0.0,0.0,0.0,460.0,1486.0,1130.0,3201.0,2015
6,CA,94608,5,2780.0,1400.0,1180.0,150.0,1260.0,4840.0,880.0,0.0,0.0,0.0,0.0,0.0,230.0,330.0,381485.0,2780.0,386170.0,2640.0,332825.0,1480.0,1117.0,980.0,3809.0,920.0,2937.0,1320.0,2245.0,590.0,13397.0,970.0,7163.0,180.0,3959.0,300.0,10840.0,0.0,150.0,764.0,200.0,3999.0,180.0,3057.0,920.0,4685.0,80.0,23.0,70.0,1053.0,110.0,673.0,120.0,731.0,260.0,304.0,50.0,93.0,0.0,0.0,2260.0,53022.0,314287.0,2220.0,22049.0,30.0,105.0,1300.0,7022.0,2260.0,29696.0,1210.0,13885.0,1500.0,4156.0,2780.0,303182.0,2780.0,59609.0,170.0,493.0,30.0,97.0,710.0,757.0,360.0,222.0,170.0,89.0,60.0,77.0,0.0,0.0,180.0,185.0,80.0,152.0,440.0,1962.0,0.0,0.0,30.0,121.0,50.0,53.0,2750.0,64493.0,0.0,0.0,0.0,0.0,0.0,0.0,50.0,35.0,0.0,0.0,2770.0,58854.0,2780.0,61169.0,60.0,17.0,0.0,0.0,850.0,4645.0,1860.0,7570.0,2015
6,CA,94608,6,900.0,300.0,560.0,30.0,540.0,1780.0,330.0,0.0,0.0,0.0,0.0,0.0,20.0,110.0,323807.0,900.0,328760.0,840.0,215266.0,650.0,3138.0,530.0,7353.0,510.0,6038.0,390.0,1774.0,230.0,13693.0,550.0,32475.0,70.0,2341.0,90.0,4513.0,0.0,40.0,202.0,60.0,1532.0,170.0,42571.0,280.0,4953.0,0.0,0.0,60.0,1847.0,80.0,643.0,0.0,0.0,0.0,0.0,0.0,0.0,0.0,0.0,870.0,47785.0,315073.0,860.0,26956.0,0.0,0.0,560.0,4274.0,870.0,31753.0,510.0,7403.0,670.0,6909.0,900.0,270321.0,900.0,72190.0,610.0,3894.0,0.0,0.0,330.0,1324.0,240.0,962.0,70.0,41.0,0.0,0.0,0.0,0.0,0.0,0.0,0.0,0.0,200.0,1618.0,0.0,0.0,0.0,0.0,0.0,0.0,890.0,71506.0,0.0,0.0,0.0,0.0,0.0,0.0,0.0,0.0,0.0,0.0,900.0,70955.0,900.0,74740.0,540.0,568.0,530.0,1511.0,480.0,9342.0,350.0,2975.0,2015
6,CA,94609,1,3740.0,3060.0,220.0,400.0,1470.0,4760.0,1020.0,210.0,140.0,70.0,70.0,0.0,570.0,520.0,49406.0,3740.0,51444.0,2730.0,35896.0,470.0,239.0,350.0,692.0,330.0,467.0,50.0,59.0,1260.0,9851.0,280.0,421.0,100.0,687.0,270.0,2482.0,0.0,170.0,854.0,90.0,140.0,60.0,95.0,1430.0,2038.0,40.0,9.0,0.0,0.0,150.0,308.0,60.0,154.0,320.0,275.0,110.0,302.0,0.0,0.0,240.0,4140.0,3428.0,90.0,201.0,110.0,78.0,150.0,617.0,230.0,1014.0,130.0,1115.0,130.0,222.0,1940.0,13648.0,1900.0,1446.0,0.0,0.0,90.0,26.0,560.0,218.0,40.0,1.0,0.0,0.0,270.0,148.0,180.0,37.0,80.0,26.0,0.0,0.0,1110.0,1527.0,390.0,1371.0,380.0,1233.0,160.0,39.0,3350.0,6566.0,1450.0,2192.0,990.0,1695.0,460.0,545.0,290.0,209.0,280.0,193.0,1620.0,1228.0,2360.0,2809.0,0.0,0.0,0.0,0.0,780.0,858.0,2740.0,4508.0,2015
6,CA,94609,2,3220.0,2550.0,260.0,360.0,1090.0,4380.0,910.0,160.0,90.0,70.0,0.0,0.0,470.0,380.0,118546.0,3220.0,121220.0,2870.0,101204.0,550.0,350.0,390.0,954.0,360.0,729.0,150.0,115.0,670.0,7333.0,330.0,868.0,90.0,781.0,300.0,5398.0,0.0,200.0,1054.0,210.0,1353.0,60.0,830.0,1180.0,2674.0,80.0,19.0,30.0,285.0,140.0,424.0,110.0,387.0,620.0,703.0,40.0,72.0,0.0,0.0,350.0,5787.0,13299.0,230.0,657.0,100.0,78.0,190.0,826.0,340.0,1642.0,160.0,1483.0,250.0,734.0,3160.0,75130.0,3140.0,9816.0,0.0,0.0,300.0,227.0,890.0,726.0,120.0,5.0,80.0,38.0,340.0,344.0,210.0,35.0,310.0,292.0,30.0,21.0,510.0,1269.0,330.0,802.0,380.0,1065.0,230.0,77.0,3120.0,13287.0,280.0,554.0,200.0,412.0,220.0,280.0,140.0,107.0,90.0,90.0,2920.0,9090.0,3010.0,10481.0,0.0,0.0,0.0,0.0,790.0,1484.0,2370.0,4178.0,2015
6,CA,94609,3,1970.0,1480.0,290.0,160.0,690.0,2770.0,510.0,30.0,30.0,0.0,0.0,0.0,260.0,240.0,120361.0,1970.0,122860.0,1790.0,103571.0,540.0,279.0,380.0,1174.0,350.0,793.0,230.0,241.0,390.0,6402.0,340.0,1157.0,80.0,1253.0,190.0,4832.0,0.0,100.0,425.0,150.0,2098.0,70.0,1074.0,900.0,2499.0,100.0,24.0,40.0,466.0,100.0,475.0,90.0,331.0,510.0,656.0,80.0,115.0,0.0,0.0,450.0,8831.0,28087.0,360.0,1224.0,100.0,143.0,290.0,1354.0,440.0,2765.0,240.0,2661.0,330.0,920.0,1960.0,89477.0,1950.0,14026.0,0.0,0.0,90.0,143.0,420.0,459.0,110.0,7.0,50.0,28.0,110.0,118.0,30.0,7.0,200.0,275.0,0.0,0.0,310.0,1067.0,50.0,280.0,100.0,414.0,60.0,36.0,1930.0,15800.0,0.0,0.0,0.0,0.0,30.0,39.0,60.0,42.0,0.0,0.0,1930.0,13566.0,1940.0,14703.0,0.0,0.0,0.0,0.0,610.0,1636.0,1340.0,2644.0,2015
6,CA,94609,4,1080.0,690.0,290.0,80.0,450.0,1650.0,280.0,0.0,0.0,0.0,0.0,0.0,80.0,170.0,93241.0,1080.0,94790.0,980.0,78297.0,440.0,265.0,330.0,940.0,320.0,638.0,280.0,394.0,270.0,4968.0,280.0,1296.0,60.0,861.0,140.0,4505.0,0.0,60.0,226.0,100.0,1652.0,50.0,216.0,380.0,1549.0,40.0,10.0,0.0,0.0,60.0,323.0,40.0,271.0,140.0,122.0,0.0,0.0,0.0,0.0,550.0,9702.0,48044.0,520.0,2950.0,0.0,0.0,300.0,1550.0,550.0,4652.0,260.0,2523.0,390.0,1039.0,1080.0,72229.0,1070.0,12507.0,0.0,0.0,40.0,120.0,300.0,304.0,120.0,10.0,50.0,26.0,60.0,67.0,0.0,0.0,140.0,157.0,20.0,19.0,220.0,840.0,0.0,0.0,30.0,66.0,20.0,18.0,1070.0,14011.0,0.0,0.0,0.0,0.0,0.0,0.0,30.0,22.0,0.0,0.0,1070.0,12203.0,1070.0,13121.0,0.0,0.0,0.0,0.0,350.0,1141.0,700.0,1926.0,2015
6,CA,94609,5,1610.0,700.0,810.0,90.0,740.0,3110.0,680.0,0.0,0.0,0.0,0.0,0.0,130.0,240.0,223689.0,1610.0,227869.0,1480.0,183850.0,900.0,785.0,690.0,3067.0,660.0,2170.0,720.0,1264.0,470.0,13642.0,650.0,5489.0,110.0,2386.0,210.0,8276.0,0.0,100.0,537.0,150.0,2968.0,130.0,3114.0,630.0,4180.0,80.0,22.0,70.0,1206.0,110.0,812.0,90.0,539.0,170.0,210.0,20.0,41.0,0.0,0.0,1270.0,31980.0,178830.0,1230.0,11998.0,30.0,79.0,810.0,5259.0,1260.0,17649.0,750.0,9010.0,890.0,2317.0,1610.0,175309.0,1610.0,33660.0,100.0,320.0,0.0,0.0,560.0,511.0,290.0,30.0,150.0,88.0,30.0,33.0,0.0,0.0,140.0,143.0,40.0,47.0,380.0,2005.0,0.0,0.0,20.0,66.0,20.0,23.0,1600.0,36496.0,0.0,0.0,0.0,0.0,0.0,0.0,20.0,19.0,0.0,0.0,1610.0,33150.0,1610.0,35268.0,40.0,11.0,0.0,0.0,560.0,3165.0,980.0,3865.0,2015
6,CA,94609,6,690.0,150.0,510.0,0.0,410.0,1640.0,440.0,0.0,0.0,0.0,0.0,0.0,20.0,70.0,245725.0,690.0,248969.0,640.0,179852.0,510.0,899.0,420.0,3901.0,410.0,3125.0,320.0,957.0,200.0,8455.0,440.0,28636.0,60.0,2118.0,70.0,2978.0,0.0,60.0,369.0,50.0,1000.0,130.0,15720.0,230.0,3244.0,0.0,0.0,60.0,1504.0,70.0,564.0,0.0,0.0,0.0,0.0,0.0,0.0,0.0,0.0,670.0,34034.0,240186.0,660.0,20327.0,0.0,0.0,500.0,4152.0,670.0,24708.0,480.0,7591.0,560.0,2276.0,690.0,206455.0,690.0,54460.0,480.0,3007.0,0.0,0.0,350.0,533.0,240.0,144.0,110.0,56.0,0.0,0.0,0.0,0.0,0.0,0.0,30.0,58.0,180.0,1336.0,0.0,0.0,0.0,0.0,0.0,0.0,680.0,52992.0,0.0,0.0,0.0,0.0,0.0,0.0,0.0,0.0,0.0,0.0,690.0,53928.0,690.0,56768.0,380.0,541.0,410.0,863.0,370.0,7472.0,260.0,2264.0,2015
6,CA,94610,1,3630.0,3090.0,240.0,240.0,1620.0,4020.0,600.0,160.0,90.0,80.0,50.0,0.0,320.0,770.0,45018.0,3630.0,47420.0,2300.0,28998.0,730.0,463.0,640.0,1696.0,590.0,1095.0,70.0,76.0,1210.0,9396.0,590.0,941.0,200.0,1575.0,380.0,3164.0,0.0,170.0,926.0,150.0,264.0,100.0,79.0,1350.0,2402.0,30.0,6.0,0.0,0.0,200.0,533.0,70.0,274.0,300.0,311.0,110.0,315.0,0.0,0.0,360.0,6492.0,4854.0,120.0,240.0,200.0,107.0,190.0,922.0,350.0,1361.0,140.0,1340.0,200.0,308.0,1890.0,12485.0,1810.0,1319.0,0.0,0.0,110.0,35.0,530.0,206.0,90.0,4.0,0.0,0.0,240.0,141.0,170.0,37.0,40.0,17.0,0.0,0.0,1040.0,1472.0,410.0,1776.0,400.0,1562.0,180.0,41.0,3000.0,5388.0,1130.0,1340.0,720.0,960.0,270.0,318.0,230.0,168.0,300.0,285.0,1550.0,1112.0,2220.0,2660.0,0.0,0.0,0.0,0.0,850.0,935.0,2350.0,3488.0,2015
6,CA,94610,2,3530.0,2840.0,310.0,290.0,1330.0,4460.0,650.0,140.0,80.0,60.0,0.0,0.0,410.0,630.0,132628.0,3530.0,136801.0,2920.0,103818.0,780.0,463.0,630.0,1780.0,590.0,1205.0,200.0,175.0,900.0,12491.0,550.0,1690.0,230.0,2657.0,450.0,8078.0,0.0,230.0,1327.0,400.0,2945.0,120.0,742.0,1510.0,4173.0,130.0,30.0,70.0,548.0,240.0,861.0,140.0,569.0,730.0,891.0,60.0,116.0,0.0,0.0,510.0,9260.0,19375.0,310.0,741.0,180.0,178.0,280.0,1288.0,500.0,2333.0,220.0,1867.0,370.0,891.0,3460.0,85245.0,3430.0,11154.0,0.0,0.0,320.0,259.0,890.0,667.0,150.0,14.0,70.0,40.0,380.0,344.0,210.0,37.0,240.0,226.0,0.0,0.0,710.0,2016.0,400.0,1191.0,430.0,1441.0,210.0,74.0,3350.0,14842.0,220.0,393.0,150.0,254.0,150.0,159.0,140.0,98.0,150.0,142.0,3270.0,10488.0,3360.0,12648.0,0.0,0.0,0.0,0.0,1010.0,2250.0,2410.0,4245.0,2015
6,CA,94610,3,3320.0,2630.0,400.0,210.0,1220.0,4270.0,560.0,70.0,30.0,40.0,0.0,0.0,400.0,620.0,205291.0,3320.0,209819.0,2880.0,168463.0,1050.0,709.0,770.0,3033.0,720.0,2041.0,460.0,513.0,630.0,9951.0,680.0,2627.0,250.0,3566.0,480.0,12406.0,0.0,150.0,746.0,400.0,5838.0,110.0,1287.0,1520.0,4528.0,190.0,45.0,50.0,663.0,180.0,847.0,130.0,594.0,890.0,1061.0,120.0,175.0,20.0,59.0,850.0,16259.0,53788.0,690.0,2646.0,140.0,187.0,490.0,2516.0,850.0,5548.0,400.0,3870.0,670.0,1963.0,3290.0,154490.0,3270.0,24386.0,0.0,0.0,110.0,191.0,650.0,632.0,260.0,30.0,80.0,45.0,150.0,167.0,40.0,8.0,260.0,337.0,30.0,26.0,490.0,1695.0,60.0,221.0,130.0,389.0,90.0,51.0,3250.0,27958.0,0.0,0.0,0.0,0.0,30.0,28.0,90.0,66.0,0.0,0.0,3250.0,23754.0,3280.0,25570.0,0.0,0.0,0.0,0.0,990.0,2382.0,2240.0,4384.0,2015
6,CA,94610,4,2250.0,1550.0,510.0,130.0,920.0,3200.0,440.0,0.0,0.0,0.0,0.0,0.0,190.0,500.0,193776.0,2250.0,196872.0,1970.0,154556.0,900.0,825.0,660.0,3249.0,620.0,2407.0,620.0,752.0,470.0,8647.0,600.0,2547.0,240.0,3985.0,390.0,13237.0,0.0,110.0,552.0,320.0,6088.0,110.0,742.0,710.0,3096.0,70.0,19.0,40.0,683.0,130.0,686.0,70.0,380.0,260.0,250.0,0.0,0.0,0.0,0.0,1120.0,19470.0,98436.0,1030.0,5967.0,70.0,127.0,520.0,2936.0,1110.0,9250.0,450.0,4430.0,810.0,2077.0,2240.0,151912.0,2240.0,26615.0,0.0,0.0,50.0,110.0,500.0,417.0,220.0,33.0,80.0,40.0,90.0,85.0,0.0,0.0,190.0,233.0,0.0,0.0,360.0,1402.0,0.0,0.0,50.0,158.0,50.0,39.0,2220.0,29138.0,0.0,0.0,0.0,0.0,0.0,0.0,50.0,38.0,0.0,0.0,2230.0,26198.0,2230.0,27725.0,0.0,0.0,0.0,0.0,730.0,2383.0,1450.0,3564.0,2015
6,CA,94610,5,3300.0,1560.0,1530.0,170.0,1640.0,6030.0,1200.0,0.0,0.0,0.0,0.0,0.0,250.0,880.0,456684.0,3300.0,464928.0,2840.0,341243.0,1870.0,2445.0,1530.0,11090.0,1470.0,8495.0,1440.0,2702.0,810.0,22971.0,1440.0,12903.0,490.0,13546.0,670.0,32230.0,0.0,170.0,922.0,570.0,12479.0,330.0,6666.0,1100.0,8244.0,100.0,27.0,130.0,2889.0,220.0,1642.0,130.0,728.0,280.0,341.0,60.0,99.0,0.0,0.0,2620.0,69670.0,368048.0,2520.0,24659.0,80.0,184.0,1510.0,11230.0,2620.0,36708.0,1260.0,16331.0,2050.0,6832.0,3290.0,355360.0,3290.0,68113.0,230.0,640.0,50.0,131.0,1050.0,800.0,650.0,147.0,230.0,125.0,90.0,122.0,0.0,0.0,200.0,208.0,50.0,74.0,630.0,3354.0,0.0,0.0,50.0,137.0,50.0,54.0,3290.0,74773.0,0.0,0.0,0.0,0.0,0.0,0.0,80.0,70.0,0.0,0.0,3280.0,67313.0,3290.0,70922.0,80.0,14.0,20.0,4.0,1150.0,5919.0,1940.0,8145.0,2015
6,CA,94610,6,2220.0,330.0,1810.0,60.0,1520.0,6150.0,2130.0,0.0,0.0,0.0,0.0,0.0,40.0,600.0,1051803.0,2220.0,1075284.0,1940.0,651190.0,1770.0,7149.0,1580.0,37233.0,1530.0,30332.0,880.0,4570.0,640.0,46554.0,1590.0,144745.0,340.0,15342.0,380.0,23238.0,0.0,100.0,572.0,310.0,8093.0,630.0,114482.0,880.0,23481.0,50.0,13.0,300.0,12201.0,290.0,3519.0,40.0,343.0,0.0,0.0,0.0,0.0,50.0,990.0,2180.0,170575.0,1036993.0,2150.0,96708.0,20.0,71.0,1850.0,23475.0,2180.0,121218.0,1630.0,31988.0,1980.0,18847.0,2210.0,867272.0,2210.0,241096.0,1670.0,15755.0,0.0,0.0,1200.0,4466.0,850.0,2805.0,380.0,221.0,0.0,0.0,0.0,0.0,0.0,0.0,80.0,234.0,680.0,8038.0,0.0,0.0,0.0,0.0,0.0,0.0,2210.0,247938.0,0.0,0.0,0.0,0.0,0.0,0.0,0.0,0.0,0.0,0.0,2210.0,237581.0,2220.0,253099.0,1400.0,3049.0,1460.0,4961.0,1170.0,26346.0,690.0,10017.0,2015
6,CA,94611,1,4000.0,3520.0,270.0,180.0,1740.0,3760.0,400.0,160.0,80.0,90.0,40.0,0.0,280.0,940.0,45944.0,4000.0,48444.0,2500.0,28219.0,980.0,688.0,1120.0,2999.0,1020.0,2037.0,100.0,154.0,1080.0,8188.0,970.0,1591.0,280.0,2339.0,470.0,4100.0,0.0,140.0,678.0,190.0,357.0,140.0,404.0,1260.0,2500.0,40.0,8.0,20.0,120.0,200.0,609.0,70.0,234.0,260.0,255.0,120.0,333.0,0.0,0.0,490.0,9912.0,6654.0,170.0,453.0,260.0,159.0,310.0,1953.0,470.0,2659.0,210.0,2126.0,280.0,374.0,2030.0,13061.0,1870.0,1381.0,0.0,0.0,100.0,33.0,550.0,205.0,140.0,7.0,0.0,0.0,230.0,151.0,160.0,31.0,30.0,11.0,0.0,0.0,960.0,1339.0,400.0,1658.0,390.0,1500.0,120.0,30.0,3160.0,4920.0,850.0,860.0,540.0,560.0,170.0,188.0,190.0,148.0,290.0,234.0,1600.0,1176.0,2240.0,2596.0,0.0,0.0,0.0,0.0,900.0,922.0,2470.0,2951.0,2015
6,CA,94611,2,3070.0,2440.0,350.0,210.0,1320.0,3950.0,570.0,100.0,50.0,40.0,0.0,0.0,290.0,700.0,114808.0,3070.0,118947.0,2380.0,81947.0,880.0,858.0,810.0,3678.0,750.0,2462.0,220.0,252.0,750.0,11882.0,720.0,2920.0,310.0,3515.0,460.0,8157.0,0.0,170.0,877.0,470.0,3572.0,150.0,253.0,1210.0,4139.0,80.0,19.0,60.0,489.0,230.0,1136.0,130.0,554.0,510.0,614.0,50.0,86.0,0.0,0.0,640.0,14067.0,24497.0,350.0,1142.0,270.0,242.0,410.0,2779.0,630.0,4281.0,300.0,2919.0,470.0,1100.0,2940.0,70086.0,2870.0,8936.0,0.0,0.0,270.0,211.0,830.0,601.0,240.0,29.0,60.0,32.0,290.0,303.0,160.0,31.0,200.0,191.0,0.0,0.0,610.0,1913.0,360.0,1361.0,390.0,1578.0,150.0,55.0,2880.0,12742.0,170.0,303.0,100.0,183.0,130.0,161.0,130.0,100.0,120.0,130.0,2720.0,8335.0,2830.0,10356.0,0.0,0.0,0.0,0.0,900.0,1834.0,2000.0,3788.0,2015
6,CA,94611,3,2670.0,1970.0,450.0,200.0,1150.0,3680.0,590.0,30.0,0.0,30.0,0.0,0.0,220.0,710.0,165551.0,2670.0,170295.0,2060.0,116997.0,1060.0,1148.0,870.0,5538.0,830.0,4041.0,470.0,656.0,580.0,13133.0,780.0,4040.0,330.0,5008.0,470.0,12597.0,0.0,120.0,612.0,490.0,7508.0,170.0,1389.0,1130.0,4744.0,120.0,29.0,60.0,773.0,220.0,1307.0,100.0,425.0,540.0,666.0,90.0,147.0,0.0,0.0,900.0,20760.0,56356.0,680.0,3301.0,190.0,240.0,630.0,4030.0,890.0,7776.0,480.0,4883.0,700.0,1758.0,2620.0,118201.0,2600.0,18080.0,40.0,127.0,90.0,198.0,690.0,618.0,330.0,74.0,80.0,39.0,100.0,121.0,60.0,11.0,250.0,326.0,0.0,0.0,490.0,2122.0,90.0,521.0,110.0,581.0,70.0,48.0,2540.0,21684.0,0.0,0.0,0.0,0.0,60.0,68.0,60.0,45.0,40.0,86.0,2550.0,17462.0,2590.0,19686.0,0.0,0.0,0.0,0.0,860.0,2568.0,1620.0,3961.0,2015
6,CA,94611,4,1920.0,1230.0,500.0,140.0,940.0,2870.0,450.0,0.0,0.0,0.0,0.0,0.0,130.0,610.0,166207.0,1920.0,170444.0,1490.0,113332.0,950.0,1480.0,780.0,5289.0,750.0,3692.0,580.0,814.0,450.0,10606.0,710.0,4024.0,300.0,5855.0,430.0,15308.0,0.0,80.0,470.0,410.0,7849.0,180.0,2911.0,620.0,4237.0,70.0,17.0,70.0,1176.0,170.0,1070.0,70.0,434.0,160.0,155.0,0.0,0.0,0.0,0.0,1110.0,24618.0,97942.0,990.0,6057.0,110.0,166.0,700.0,4830.0,1110.0,11290.0,530.0,5730.0,870.0,2312.0,1910.0,123584.0,1890.0,20978.0,0.0,0.0,40.0,132.0,550.0,476.0,290.0,42.0,70.0,37.0,80.0,96.0,0.0,0.0,190.0,228.0,40.0,40.0,360.0,1811.0,0.0,0.0,50.0,192.0,30.0,25.0,1880.0,24653.0,0.0,0.0,0.0,0.0,0.0,0.0,50.0,37.0,0.0,0.0,1880.0,20501.0,1890.0,22407.0,0.0,0.0,0.0,0.0,650.0,2271.0,1140.0,3713.0,2015
6,CA,94611,5,4240.0,1570.0,2350.0,230.0,2410.0,8560.0,1970.0,0.0,0.0,0.0,0.0,0.0,170.0,1590.0,605726.0,4240.0,621267.0,3300.0,389887.0,2820.0,4967.0,2340.0,23607.0,2240.0,18001.0,1980.0,4354.0,1210.0,43161.0,2210.0,25145.0,880.0,27193.0,1110.0,53736.0,0.0,180.0,973.0,1060.0,24712.0,620.0,11957.0,1510.0,15541.0,140.0,36.0,270.0,5794.0,440.0,3378.0,190.0,1125.0,250.0,292.0,70.0,108.0,50.0,92.0,3600.0,118309.0,522507.0,3390.0,33434.0,170.0,366.0,2760.0,24838.0,3600.0,59882.0,2250.0,31804.0,3000.0,10972.0,4220.0,446621.0,4190.0,82726.0,420.0,1470.0,50.0,227.0,1700.0,1454.0,1050.0,285.0,340.0,184.0,160.0,198.0,0.0,0.0,280.0,282.0,110.0,196.0,1010.0,6499.0,0.0,0.0,50.0,265.0,60.0,84.0,4160.0,94994.0,0.0,0.0,0.0,0.0,0.0,0.0,140.0,120.0,0.0,0.0,4160.0,81273.0,4190.0,88220.0,120.0,31.0,50.0,57.0,1550.0,9409.0,2260.0,12447.0,2015
6,CA,94611,6,4860.0,650.0,4010.0,150.0,3460.0,13430.0,4560.0,0.0,0.0,0.0,0.0,0.0,50.0,1570.0,3191507.0,4860.0,3253795.0,4120.0,1641956.0,4060.0,35640.0,3630.0,181758.0,3510.0,95196.0,1910.0,16531.0,1460.0,142647.0,3660.0,629749.0,920.0,45197.0,990.0,62256.0,40.0,210.0,1155.0,850.0,22987.0,1650.0,399000.0,1980.0,62288.0,80.0,19.0,750.0,34331.0,760.0,9651.0,80.0,752.0,0.0,0.0,0.0,0.0,100.0,1490.0,4800.0,617359.0,3172216.0,4720.0,319558.0,60.0,352.0,4320.0,68233.0,4800.0,400689.0,3730.0,77887.0,4380.0,83855.0,4850.0,2546694.0,4850.0,741450.0,3730.0,47464.0,0.0,0.0,2730.0,9852.0,2060.0,6545.0,730.0,399.0,0.0,0.0,0.0,0.0,0.0,0.0,210.0,543.0,1570.0,21647.0,0.0,0.0,0.0,0.0,0.0,0.0,4820.0,801529.0,0.0,0.0,0.0,0.0,0.0,0.0,0.0,0.0,0.0,0.0,4840.0,743702.0,4850.0,791914.0,3080.0,9411.0,3340.0,24964.0,2480.0,78993.0,1430.0,49408.0,2015
6,CA,94612,1,2450.0,1810.0,280.0,310.0,1040.0,3470.0,850.0,230.0,180.0,60.0,100.0,0.0,370.0,370.0,32096.0,2440.0,33054.0,1900.0,24970.0,240.0,106.0,140.0,307.0,130.0,178.0,40.0,39.0,710.0,4795.0,150.0,172.0,60.0,385.0,180.0,1429.0,0.0,160.0,707.0,60.0,79.0,40.0,64.0,790.0,958.0,0.0,0.0,0.0,0.0,60.0,128.0,20.0,53.0,170.0,169.0,50.0,139.0,0.0,0.0,110.0,1716.0,1487.0,50.0,115.0,40.0,25.0,30.0,153.0,100.0,349.0,30.0,293.0,60.0,130.0,1190.0,7795.0,1170.0,827.0,0.0,0.0,50.0,12.0,350.0,138.0,0.0,0.0,0.0,0.0,190.0,95.0,90.0,18.0,50.0,20.0,0.0,0.0,610.0,771.0,180.0,610.0,180.0,545.0,120.0,29.0,2180.0,4447.0,1070.0,1787.0,800.0,1478.0,400.0,485.0,220.0,160.0,120.0,81.0,980.0,689.0,1420.0,1501.0,0.0,0.0,0.0,0.0,450.0,472.0,1850.0,3386.0,2015
6,CA,94612,2,2110.0,1560.0,250.0,260.0,790.0,3120.0,770.0,150.0,100.0,50.0,0.0,0.0,300.0,210.0,77773.0,2110.0,79304.0,1930.0,69339.0,250.0,187.0,180.0,494.0,170.0,281.0,70.0,45.0,410.0,4261.0,170.0,315.0,50.0,432.0,160.0,2323.0,0.0,140.0,691.0,120.0,848.0,40.0,686.0,730.0,1531.0,60.0,13.0,30.0,201.0,60.0,179.0,60.0,223.0,390.0,485.0,20.0,30.0,0.0,0.0,180.0,3443.0,7056.0,120.0,361.0,50.0,50.0,60.0,345.0,180.0,782.0,50.0,526.0,140.0,357.0,2060.0,48081.0,2060.0,6274.0,0.0,0.0,140.0,97.0,640.0,544.0,70.0,11.0,70.0,38.0,250.0,236.0,160.0,27.0,260.0,224.0,0.0,0.0,310.0,731.0,190.0,626.0,190.0,668.0,150.0,55.0,2040.0,8663.0,230.0,475.0,170.0,364.0,200.0,280.0,130.0,85.0,50.0,44.0,1880.0,5730.0,1930.0,6545.0,0.0,0.0,0.0,0.0,520.0,983.0,1570.0,3058.0,2015
6,CA,94612,3,1400.0,1100.0,160.0,120.0,460.0,1900.0,350.0,30.0,30.0,0.0,0.0,0.0,190.0,160.0,85956.0,1400.0,87192.0,1310.0,77882.0,330.0,220.0,210.0,992.0,200.0,674.0,150.0,134.0,200.0,1997.0,200.0,489.0,60.0,733.0,120.0,2475.0,0.0,70.0,329.0,90.0,1295.0,30.0,288.0,600.0,1236.0,40.0,10.0,0.0,0.0,30.0,109.0,70.0,225.0,390.0,468.0,50.0,84.0,0.0,0.0,290.0,5352.0,18352.0,250.0,987.0,40.0,51.0,120.0,509.0,290.0,1590.0,100.0,881.0,230.0,715.0,1400.0,65082.0,1390.0,10279.0,0.0,0.0,50.0,79.0,260.0,304.0,60.0,4.0,50.0,25.0,80.0,89.0,0.0,0.0,110.0,161.0,20.0,10.0,150.0,385.0,0.0,0.0,40.0,103.0,60.0,45.0,1380.0,11813.0,0.0,0.0,0.0,0.0,0.0,0.0,50.0,32.0,0.0,0.0,1370.0,9975.0,1380.0,10406.0,0.0,0.0,0.0,0.0,340.0,742.0,1040.0,2086.0,2015
6,CA,94612,4,760.0,590.0,120.0,40.0,270.0,1010.0,130.0,0.0,0.0,0.0,0.0,0.0,90.0,100.0,65297.0,760.0,65936.0,700.0,57584.0,250.0,263.0,200.0,1027.0,180.0,766.0,190.0,226.0,120.0,1803.0,180.0,557.0,40.0,755.0,90.0,2110.0,0.0,40.0,210.0,60.0,967.0,30.0,410.0,210.0,639.0,40.0,10.0,0.0,0.0,20.0,84.0,0.0,0.0,80.0,58.0,0.0,0.0,0.0,0.0,380.0,6400.0,33194.0,360.0,2163.0,30.0,75.0,120.0,701.0,380.0,2963.0,110.0,1126.0,270.0,693.0,760.0,52035.0,750.0,9377.0,0.0,0.0,0.0,0.0,140.0,137.0,70.0,10.0,0.0,0.0,50.0,46.0,0.0,0.0,50.0,59.0,0.0,0.0,90.0,332.0,0.0,0.0,20.0,49.0,0.0,0.0,750.0,10098.0,0.0,0.0,0.0,0.0,0.0,0.0,30.0,20.0,0.0,0.0,750.0,9240.0,750.0,9624.0,0.0,0.0,0.0,0.0,240.0,765.0,510.0,1186.0,2015
6,CA,94612,5,1200.0,790.0,360.0,50.0,500.0,1770.0,220.0,0.0,0.0,0.0,0.0,0.0,140.0,170.0,162461.0,1200.0,164377.0,1090.0,136186.0,570.0,868.0,430.0,2685.0,410.0,1986.0,520.0,812.0,230.0,5427.0,450.0,5038.0,100.0,2575.0,130.0,5645.0,0.0,60.0,309.0,120.0,2464.0,90.0,2397.0,350.0,1916.0,0.0,0.0,20.0,371.0,50.0,292.0,30.0,165.0,90.0,108.0,20.0,37.0,0.0,0.0,970.0,20346.0,133718.0,950.0,9909.0,0.0,0.0,360.0,2112.0,970.0,12238.0,300.0,3515.0,640.0,1572.0,1190.0,132689.0,1190.0,26890.0,90.0,281.0,0.0,0.0,280.0,232.0,190.0,59.0,40.0,22.0,0.0,0.0,0.0,0.0,40.0,38.0,0.0,0.0,180.0,821.0,0.0,0.0,0.0,0.0,20.0,25.0,1170.0,28525.0,0.0,0.0,0.0,0.0,0.0,0.0,0.0,0.0,0.0,0.0,1190.0,26658.0,1190.0,27554.0,40.0,3.0,0.0,0.0,370.0,2320.0,780.0,2899.0,2015
6,CA,94612,6,450.0,200.0,230.0,0.0,280.0,790.0,110.0,0.0,0.0,0.0,0.0,0.0,0.0,100.0,161808.0,450.0,165019.0,380.0,100628.0,320.0,1460.0,280.0,4716.0,270.0,3630.0,190.0,926.0,90.0,11152.0,300.0,18334.0,50.0,1962.0,70.0,4943.0,0.0,0.0,0.0,60.0,1485.0,100.0,15209.0,130.0,3211.0,0.0,0.0,30.0,1291.0,40.0,474.0,0.0,0.0,0.0,0.0,0.0,0.0,0.0,0.0,430.0,24046.0,154604.0,430.0,13705.0,0.0,0.0,230.0,1933.0,430.0,15793.0,190.0,3074.0,330.0,4200.0,450.0,135353.0,450.0,36660.0,330.0,2241.0,0.0,0.0,170.0,166.0,150.0,98.0,0.0,0.0,0.0,0.0,0.0,0.0,0.0,0.0,0.0,0.0,90.0,1151.0,0.0,0.0,0.0,0.0,0.0,0.0,440.0,36740.0,0.0,0.0,0.0,0.0,0.0,0.0,0.0,0.0,0.0,0.0,450.0,36280.0,450.0,38574.0,250.0,384.0,260.0,644.0,240.0,4802.0,160.0,1385.0,2015
6,CA,94618,1,1500.0,1340.0,90.0,50.0,650.0,1340.0,100.0,50.0,30.0,30.0,0.0,0.0,90.0,350.0,16875.0,1500.0,17945.0,880.0,9543.0,430.0,357.0,480.0,1394.0,440.0,985.0,50.0,68.0,410.0,3304.0,430.0,893.0,120.0,949.0,170.0,1512.0,0.0,50.0,242.0,80.0,171.0,70.0,-55.0,490.0,1070.0,0.0,0.0,0.0,0.0,100.0,334.0,20.0,80.0,110.0,104.0,50.0,144.0,0.0,0.0,230.0,5131.0,3098.0,90.0,318.0,120.0,82.0,150.0,960.0,230.0,1393.0,100.0,1056.0,140.0,234.0,760.0,4672.0,680.0,487.0,0.0,0.0,40.0,11.0,190.0,65.0,60.0,4.0,0.0,0.0,60.0,42.0,70.0,15.0,0.0,0.0,0.0,0.0,360.0,534.0,170.0,731.0,180.0,652.0,40.0,8.0,1140.0,1938.0,280.0,211.0,190.0,178.0,40.0,40.0,60.0,48.0,130.0,116.0,600.0,422.0,820.0,979.0,0.0,0.0,0.0,0.0,340.0,384.0,890.0,1038.0,2015
6,CA,94618,2,1110.0,910.0,120.0,60.0,490.0,1330.0,120.0,20.0,0.0,20.0,0.0,0.0,90.0,310.0,41540.0,1110.0,43091.0,780.0,26455.0,430.0,499.0,370.0,2171.0,340.0,1475.0,90.0,79.0,250.0,4167.0,330.0,1336.0,140.0,1616.0,200.0,3870.0,0.0,50.0,250.0,220.0,1827.0,60.0,215.0,410.0,1551.0,50.0,12.0,30.0,178.0,100.0,398.0,50.0,219.0,150.0,180.0,0.0,0.0,0.0,0.0,280.0,6422.0,10892.0,130.0,415.0,130.0,127.0,200.0,1279.0,280.0,1854.0,130.0,1317.0,210.0,493.0,1050.0,25126.0,1010.0,3148.0,0.0,0.0,80.0,74.0,290.0,188.0,120.0,17.0,0.0,0.0,90.0,101.0,70.0,12.0,60.0,45.0,0.0,0.0,220.0,655.0,120.0,428.0,120.0,490.0,40.0,11.0,1020.0,4608.0,40.0,61.0,0.0,0.0,40.0,37.0,30.0,24.0,50.0,66.0,970.0,2960.0,1020.0,3650.0,0.0,0.0,0.0,0.0,320.0,630.0,690.0,1414.0,2015
6,CA,94618,3,1020.0,790.0,150.0,60.0,450.0,1340.0,170.0,0.0,0.0,0.0,0.0,0.0,60.0,320.0,63426.0,1020.0,65215.0,770.0,41912.0,440.0,764.0,390.0,2722.0,370.0,2004.0,180.0,204.0,210.0,4420.0,340.0,1486.0,160.0,2627.0,220.0,6428.0,0.0,30.0,149.0,220.0,3404.0,90.0,332.0,420.0,1789.0,40.0,9.0,30.0,265.0,90.0,438.0,60.0,317.0,180.0,209.0,40.0,63.0,0.0,0.0,390.0,9248.0,24446.0,300.0,1120.0,80.0,108.0,300.0,1965.0,390.0,3266.0,220.0,2379.0,320.0,757.0,1000.0,44763.0,990.0,6758.0,0.0,0.0,50.0,133.0,250.0,195.0,150.0,33.0,50.0,27.0,30.0,43.0,0.0,0.0,70.0,96.0,30.0,46.0,190.0,697.0,30.0,190.0,70.0,325.0,30.0,20.0,990.0,8087.0,0.0,0.0,0.0,0.0,20.0,24.0,40.0,33.0,0.0,0.0,970.0,6563.0,980.0,7301.0,0.0,0.0,0.0,0.0,330.0,806.0,610.0,1290.0,2015
6,CA,94618,4,820.0,540.0,230.0,40.0,410.0,1170.0,140.0,0.0,0.0,0.0,0.0,0.0,50.0,310.0,70577.0,820.0,72388.0,600.0,43756.0,460.0,515.0,430.0,2957.0,410.0,2010.0,260.0,366.0,190.0,4798.0,410.0,2538.0,170.0,3743.0,200.0,7461.0,0.0,20.0,145.0,220.0,4130.0,80.0,970.0,260.0,1811.0,20.0,5.0,40.0,483.0,80.0,513.0,30.0,206.0,50.0,43.0,0.0,0.0,0.0,0.0,510.0,11702.0,44659.0,440.0,2534.0,60.0,97.0,340.0,2261.0,510.0,4992.0,240.0,2932.0,410.0,1226.0,800.0,51752.0,800.0,8614.0,0.0,0.0,0.0,0.0,270.0,189.0,200.0,20.0,0.0,0.0,30.0,25.0,0.0,0.0,60.0,71.0,0.0,0.0,150.0,796.0,0.0,0.0,0.0,0.0,0.0,0.0,790.0,10123.0,0.0,0.0,0.0,0.0,0.0,0.0,0.0,0.0,0.0,0.0,790.0,8426.0,800.0,9258.0,0.0,0.0,0.0,0.0,270.0,855.0,460.0,1400.0,2015
6,CA,94618,5,1970.0,870.0,990.0,100.0,1050.0,3730.0,770.0,0.0,0.0,0.0,0.0,0.0,90.0,740.0,281833.0,1970.0,288600.0,1540.0,179377.0,1320.0,1918.0,1190.0,12067.0,1150.0,8975.0,910.0,1658.0,520.0,18314.0,1120.0,10732.0,410.0,12497.0,530.0,26914.0,0.0,90.0,435.0,510.0,12159.0,240.0,7186.0,680.0,6767.0,60.0,16.0,120.0,2478.0,200.0,1522.0,80.0,517.0,110.0,124.0,30.0,67.0,0.0,0.0,1660.0,48940.0,239758.0,1580.0,15446.0,70.0,170.0,1160.0,9521.0,1660.0,25573.0,890.0,11611.0,1370.0,5001.0,1970.0,214500.0,1950.0,40452.0,160.0,584.0,30.0,116.0,810.0,686.0,570.0,170.0,140.0,71.0,50.0,68.0,0.0,0.0,110.0,106.0,50.0,128.0,430.0,2818.0,0.0,0.0,30.0,126.0,20.0,41.0,1950.0,44980.0,0.0,0.0,0.0,0.0,0.0,0.0,40.0,38.0,0.0,0.0,1950.0,39766.0,1960.0,42676.0,40.0,9.0,0.0,0.0,690.0,3929.0,1090.0,4949.0,2015
6,CA,94618,6,2310.0,350.0,1880.0,70.0,1580.0,6330.0,2140.0,0.0,0.0,0.0,0.0,0.0,30.0,650.0,1257107.0,2310.0,1283821.0,1990.0,772499.0,1930.0,10298.0,1780.0,46893.0,1730.0,37142.0,920.0,7031.0,710.0,53772.0,1780.0,181900.0,390.0,18807.0,410.0,24902.0,0.0,110.0,661.0,370.0,9720.0,760.0,139412.0,930.0,26714.0,30.0,7.0,340.0,14134.0,310.0,3532.0,40.0,338.0,0.0,0.0,0.0,0.0,60.0,709.0,2290.0,204676.0,1246659.0,2250.0,121856.0,20.0,132.0,2000.0,27820.0,2290.0,150964.0,1720.0,34545.0,2120.0,24744.0,2310.0,1039376.0,2310.0,302677.0,1800.0,19401.0,0.0,0.0,1370.0,4332.0,1060.0,3124.0,370.0,213.0,0.0,0.0,0.0,0.0,0.0,0.0,100.0,300.0,730.0,8749.0,0.0,0.0,0.0,0.0,0.0,0.0,2300.0,318631.0,0.0,0.0,0.0,0.0,0.0,0.0,0.0,0.0,0.0,0.0,2310.0,299734.0,2310.0,318742.0,1490.0,4238.0,1620.0,6869.0,1150.0,29075.0,710.0,12158.0,2015
6,CA,94619,1,3550.0,2570.0,400.0,540.0,1780.0,5100.0,1570.0,220.0,150.0,70.0,70.0,0.0,450.0,720.0,45491.0,3550.0,46777.0,2540.0,33496.0,530.0,329.0,370.0,788.0,340.0,508.0,90.0,62.0,890.0,6383.0,320.0,418.0,170.0,1160.0,400.0,3905.0,0.0,190.0,828.0,150.0,251.0,60.0,89.0,950.0,1286.0,30.0,6.0,0.0,0.0,90.0,253.0,20.0,93.0,150.0,136.0,80.0,165.0,0.0,0.0,330.0,5467.0,4364.0,90.0,136.0,190.0,112.0,240.0,1164.0,320.0,1472.0,200.0,1915.0,200.0,337.0,1570.0,9706.0,1530.0,1031.0,0.0,0.0,60.0,18.0,450.0,174.0,30.0,2.0,0.0,0.0,180.0,101.0,110.0,21.0,110.0,36.0,0.0,0.0,760.0,1056.0,210.0,1099.0,220.0,1028.0,110.0,29.0,3080.0,6628.0,1240.0,2483.0,970.0,2048.0,660.0,860.0,250.0,183.0,150.0,110.0,1250.0,856.0,1840.0,1947.0,0.0,0.0,0.0,0.0,570.0,513.0,2660.0,5133.0,2015
6,CA,94619,2,2690.0,1630.0,490.0,520.0,1340.0,4730.0,1570.0,130.0,100.0,30.0,20.0,0.0,390.0,540.0,98943.0,2690.0,100989.0,2250.0,78232.0,570.0,336.0,320.0,930.0,290.0,609.0,230.0,211.0,530.0,6615.0,280.0,641.0,150.0,1709.0,390.0,7683.0,0.0,190.0,995.0,320.0,2254.0,70.0,633.0,760.0,2046.0,50.0,12.0,30.0,241.0,100.0,433.0,80.0,348.0,270.0,304.0,0.0,0.0,0.0,0.0,540.0,10079.0,20922.0,300.0,627.0,210.0,204.0,410.0,1907.0,530.0,2907.0,370.0,3450.0,400.0,1065.0,2560.0,53344.0,2550.0,6755.0,0.0,0.0,170.0,124.0,940.0,845.0,70.0,4.0,130.0,69.0,250.0,218.0,230.0,49.0,520.0,488.0,0.0,0.0,410.0,1194.0,240.0,1197.0,250.0,1273.0,140.0,56.0,2570.0,10834.0,470.0,956.0,360.0,738.0,380.0,501.0,160.0,111.0,100.0,101.0,2200.0,5910.0,2330.0,7171.0,0.0,0.0,0.0,0.0,610.0,1115.0,2000.0,4662.0,2015
6,CA,94619,3,1860.0,1080.0,430.0,310.0,1000.0,3270.0,980.0,60.0,40.0,20.0,0.0,0.0,170.0,530.0,114008.0,1860.0,115979.0,1540.0,85819.0,700.0,619.0,400.0,1362.0,370.0,985.0,470.0,559.0,370.0,5722.0,330.0,1162.0,180.0,2424.0,400.0,11856.0,0.0,110.0,503.0,340.0,5194.0,60.0,537.0,610.0,1971.0,80.0,19.0,20.0,224.0,80.0,387.0,60.0,355.0,260.0,317.0,50.0,68.0,0.0,0.0,810.0,16925.0,51016.0,640.0,1966.0,150.0,234.0,640.0,3147.0,810.0,5578.0,570.0,5543.0,650.0,1841.0,1840.0,75380.0,1830.0,11154.0,0.0,0.0,70.0,140.0,560.0,728.0,120.0,14.0,80.0,48.0,100.0,110.0,40.0,9.0,340.0,513.0,40.0,33.0,250.0,924.0,70.0,362.0,80.0,475.0,40.0,26.0,1810.0,13245.0,0.0,0.0,0.0,0.0,60.0,88.0,70.0,49.0,0.0,0.0,1780.0,10426.0,1800.0,11433.0,0.0,0.0,0.0,0.0,540.0,1451.0,1250.0,3104.0,2015
6,CA,94619,4,1230.0,580.0,460.0,170.0,700.0,2370.0,670.0,0.0,0.0,0.0,0.0,0.0,80.0,400.0,106609.0,1230.0,108146.0,1010.0,76823.0,640.0,604.0,350.0,1437.0,330.0,1056.0,490.0,713.0,280.0,5350.0,310.0,1143.0,160.0,2345.0,340.0,12807.0,0.0,70.0,306.0,250.0,4552.0,70.0,1172.0,380.0,1537.0,60.0,16.0,20.0,214.0,60.0,394.0,40.0,196.0,110.0,105.0,0.0,0.0,0.0,0.0,840.0,18885.0,73438.0,760.0,3556.0,70.0,138.0,670.0,3690.0,840.0,7633.0,600.0,6513.0,690.0,1896.0,1230.0,74313.0,1230.0,12018.0,0.0,0.0,40.0,96.0,420.0,589.0,100.0,7.0,100.0,49.0,80.0,77.0,0.0,0.0,260.0,347.0,30.0,67.0,220.0,898.0,0.0,0.0,40.0,144.0,20.0,24.0,1210.0,13677.0,0.0,0.0,0.0,0.0,0.0,0.0,50.0,37.0,0.0,0.0,1220.0,11430.0,1220.0,12416.0,0.0,0.0,0.0,0.0,410.0,1488.0,790.0,2602.0,2015
6,CA,94619,5,2200.0,720.0,1300.0,140.0,1270.0,4770.0,1270.0,0.0,0.0,0.0,0.0,0.0,120.0,670.0,308729.0,2200.0,312940.0,1890.0,229479.0,1440.0,1397.0,910.0,6017.0,860.0,4405.0,1190.0,2373.0,580.0,14489.0,820.0,5939.0,370.0,8864.0,560.0,28778.0,0.0,150.0,777.0,420.0,8801.0,180.0,4051.0,760.0,4211.0,110.0,32.0,70.0,896.0,130.0,959.0,100.0,576.0,200.0,203.0,40.0,63.0,20.0,220.0,1940.0,60119.0,274358.0,1860.0,17062.0,70.0,223.0,1650.0,11337.0,1940.0,29164.0,1500.0,19242.0,1630.0,5085.0,2200.0,226859.0,2200.0,41886.0,170.0,379.0,30.0,105.0,830.0,943.0,330.0,75.0,240.0,139.0,100.0,104.0,0.0,0.0,260.0,283.0,80.0,142.0,430.0,2262.0,0.0,0.0,30.0,122.0,30.0,39.0,2180.0,46788.0,0.0,0.0,0.0,0.0,0.0,0.0,80.0,62.0,0.0,0.0,2190.0,40943.0,2190.0,43398.0,50.0,6.0,0.0,0.0,810.0,4427.0,1290.0,7091.0,2015
6,CA,94619,6,1060.0,160.0,850.0,40.0,720.0,2760.0,840.0,0.0,0.0,0.0,0.0,0.0,40.0,310.0,466629.0,1060.0,472884.0,930.0,251972.0,820.0,2624.0,630.0,11199.0,610.0,8383.0,470.0,1926.0,320.0,21180.0,650.0,39170.0,170.0,7256.0,230.0,16187.0,0.0,60.0,336.0,170.0,4510.0,240.0,44178.0,410.0,6255.0,20.0,6.0,90.0,2685.0,120.0,1228.0,0.0,0.0,0.0,0.0,0.0,0.0,0.0,0.0,1050.0,82278.0,460058.0,1030.0,39966.0,0.0,0.0,970.0,9549.0,1050.0,49990.0,880.0,14717.0,950.0,7721.0,1060.0,376282.0,1060.0,97186.0,770.0,7177.0,0.0,0.0,480.0,1853.0,270.0,1259.0,180.0,102.0,0.0,0.0,0.0,0.0,0.0,0.0,60.0,200.0,310.0,2562.0,0.0,0.0,0.0,0.0,0.0,0.0,1050.0,95291.0,0.0,0.0,0.0,0.0,0.0,0.0,0.0,0.0,0.0,0.0,1060.0,95337.0,1060.0,100432.0,560.0,772.0,590.0,1488.0,570.0,11978.0,380.0,3839.0,2015
6,CA,94621,1,6260.0,3480.0,710.0,2030.0,3810.0,12110.0,5530.0,550.0,460.0,80.0,200.0,70.0,1450.0,570.0,83941.0,6260.0,85139.0,5120.0,67558.0,310.0,38.0,60.0,29.0,60.0,22.0,50.0,23.0,1430.0,11951.0,40.0,28.0,50.0,305.0,350.0,3578.0,0.0,340.0,1331.0,90.0,137.0,40.0,368.0,1400.0,1198.0,0.0,0.0,0.0,0.0,40.0,101.0,0.0,0.0,90.0,72.0,50.0,86.0,0.0,0.0,230.0,3318.0,3580.0,70.0,63.0,130.0,76.0,150.0,458.0,230.0,642.0,150.0,1205.0,130.0,276.0,2290.0,13100.0,2300.0,1394.0,0.0,0.0,50.0,15.0,810.0,281.0,0.0,0.0,40.0,12.0,230.0,108.0,150.0,21.0,430.0,138.0,0.0,0.0,1270.0,1828.0,130.0,541.0,130.0,514.0,240.0,73.0,5880.0,17343.0,3110.0,9161.0,2820.0,7954.0,2500.0,3099.0,510.0,373.0,70.0,52.0,1670.0,1113.0,2910.0,3025.0,0.0,0.0,0.0,0.0,680.0,591.0,5430.0,14962.0,2015
6,CA,94621,2,4340.0,1610.0,1140.0,1530.0,2890.0,11470.0,6000.0,290.0,250.0,50.0,70.0,20.0,690.0,400.0,154950.0,4340.0,155864.0,4020.0,139968.0,490.0,57.0,60.0,89.0,60.0,58.0,270.0,163.0,520.0,6221.0,60.0,131.0,50.0,556.0,310.0,5717.0,0.0,270.0,1195.0,220.0,1363.0,0.0,0.0,620.0,914.0,40.0,9.0,0.0,0.0,0.0,0.0,30.0,110.0,180.0,171.0,0.0,0.0,0.0,0.0,620.0,9920.0,23705.0,400.0,528.0,190.0,259.0,410.0,1391.0,610.0,2395.0,390.0,3229.0,440.0,1162.0,4070.0,66639.0,4080.0,8110.0,0.0,0.0,140.0,99.0,2140.0,1971.0,0.0,0.0,160.0,100.0,310.0,256.0,360.0,54.0,1680.0,1550.0,30.0,7.0,400.0,1059.0,210.0,801.0,220.0,914.0,290.0,121.0,4250.0,16895.0,1240.0,2563.0,1010.0,2063.0,1390.0,2118.0,250.0,171.0,80.0,43.0,2850.0,6139.0,3130.0,7325.0,0.0,0.0,0.0,0.0,630.0,1200.0,3700.0,10797.0,2015
6,CA,94621,3,1700.0,490.0,760.0,420.0,1180.0,5200.0,2740.0,60.0,60.0,0.0,0.0,0.0,200.0,210.0,102771.0,1700.0,103207.0,1600.0,92296.0,380.0,45.0,60.0,109.0,60.0,57.0,320.0,329.0,200.0,2537.0,50.0,106.0,40.0,549.0,200.0,4140.0,0.0,150.0,537.0,120.0,1608.0,20.0,995.0,250.0,436.0,30.0,7.0,0.0,0.0,20.0,75.0,20.0,78.0,90.0,91.0,30.0,31.0,0.0,0.0,560.0,10432.0,34733.0,480.0,1229.0,70.0,148.0,400.0,1314.0,560.0,2973.0,390.0,3134.0,430.0,1433.0,1690.0,60188.0,1690.0,8358.0,0.0,0.0,70.0,110.0,940.0,1599.0,0.0,0.0,60.0,39.0,140.0,149.0,60.0,9.0,830.0,1382.0,30.0,13.0,140.0,422.0,60.0,294.0,80.0,419.0,90.0,53.0,1660.0,10418.0,0.0,0.0,0.0,0.0,190.0,272.0,130.0,92.0,0.0,0.0,1510.0,6758.0,1540.0,7257.0,0.0,0.0,0.0,0.0,350.0,1028.0,1340.0,4173.0,2015
6,CA,94621,4,600.0,120.0,370.0,90.0,440.0,2020.0,1050.0,0.0,0.0,0.0,0.0,0.0,50.0,80.0,50499.0,600.0,50665.0,560.0,44688.0,190.0,44.0,20.0,8.0,0.0,0.0,230.0,306.0,80.0,946.0,20.0,47.0,40.0,801.0,90.0,2656.0,0.0,80.0,292.0,50.0,748.0,0.0,0.0,100.0,166.0,0.0,0.0,0.0,0.0,0.0,0.0,0.0,0.0,50.0,54.0,0.0,0.0,0.0,0.0,320.0,6557.0,27401.0,300.0,1132.0,40.0,92.0,250.0,870.0,320.0,2200.0,240.0,2023.0,260.0,799.0,590.0,32777.0,590.0,4910.0,0.0,0.0,0.0,0.0,330.0,670.0,0.0,0.0,20.0,17.0,60.0,70.0,0.0,0.0,300.0,560.0,0.0,0.0,60.0,170.0,0.0,0.0,0.0,0.0,20.0,34.0,590.0,5627.0,0.0,0.0,0.0,0.0,0.0,0.0,50.0,45.0,0.0,0.0,580.0,4241.0,580.0,4434.0,0.0,0.0,0.0,0.0,130.0,466.0,460.0,1652.0,2015
6,CA,94621,5,310.0,50.0,240.0,30.0,230.0,1040.0,500.0,0.0,0.0,0.0,0.0,0.0,20.0,70.0,37954.0,310.0,38553.0,280.0,29632.0,170.0,38.0,40.0,116.0,40.0,77.0,160.0,267.0,50.0,1816.0,50.0,1595.0,0.0,0.0,90.0,4915.0,0.0,30.0,57.0,40.0,858.0,30.0,5816.0,80.0,599.0,0.0,0.0,0.0,0.0,0.0,0.0,0.0,0.0,0.0,0.0,0.0,0.0,0.0,0.0,230.0,5727.0,28573.0,210.0,1378.0,0.0,0.0,200.0,756.0,230.0,2160.0,190.0,2026.0,190.0,943.0,310.0,27154.0,310.0,4552.0,30.0,86.0,0.0,0.0,160.0,290.0,0.0,0.0,20.0,12.0,30.0,32.0,0.0,0.0,110.0,186.0,0.0,0.0,40.0,308.0,0.0,0.0,0.0,0.0,0.0,0.0,300.0,4915.0,0.0,0.0,0.0,0.0,0.0,0.0,30.0,20.0,0.0,0.0,300.0,4278.0,310.0,4566.0,0.0,0.0,0.0,0.0,110.0,892.0,210.0,977.0,2015
6,CA,94621,6,30.0,0.0,0.0,0.0,20.0,60.0,20.0,0.0,0.0,0.0,0.0,0.0,0.0,0.0,15244.0,30.0,15244.0,20.0,3150.0,0.0,0.0,0.0,0.0,0.0,0.0,0.0,0.0,0.0,0.0,0.0,0.0,0.0,0.0,0.0,0.0,0.0,0.0,0.0,0.0,0.0,0.0,0.0,0.0,0.0,0.0,0.0,0.0,0.0,0.0,0.0,0.0,0.0,0.0,0.0,0.0,0.0,0.0,0.0,20.0,1495.0,14767.0,20.0,1220.0,0.0,0.0,0.0,0.0,20.0,1345.0,0.0,0.0,0.0,0.0,30.0,9948.0,30.0,2932.0,0.0,0.0,0.0,0.0,0.0,0.0,0.0,0.0,0.0,0.0,0.0,0.0,0.0,0.0,0.0,0.0,0.0,0.0,0.0,0.0,0.0,0.0,0.0,0.0,0.0,0.0,30.0,3079.0,0.0,0.0,0.0,0.0,0.0,0.0,0.0,0.0,0.0,0.0,30.0,2906.0,30.0,3060.0,0.0,0.0,0.0,0.0,0.0,0.0,0.0,0.0,2015
